"Title","Price","Category","Rating","ReviewCount","Description"
"1. Check each product page for other buying options. Price and other details may vary based on product size and color.","$44.39","Shoes",4.4,"13,479","Check each product page for other buying options. Price and other details may vary based on product size and color."
"2. Amazon Essentials Women's Lace-Up Combat Boot","$70.00","Shoes",4.3,"521","Amazon Essentials Women's Lace-Up Combat Boot"
"3. adidas Men's Lite Racer Adapt 7.0 Sneaker","$45.50","Shoes",4.4,"1,760","adidas Men's Lite Racer Adapt 7.0 Sneaker"
"4. Under Armour Men's Charged Surge 4 Sneaker","$65.00","Shoes",4.5,"9,070","Under Armour Men's Charged Surge 4 Sneaker"
"5. Under Armour Men's Charged Assert 10","$38.99","Shoes",4.6,"8,057","Under Armour Men's Charged Assert 10"
"6. Skechers Men's Summits High Range Hands Free Slip-in","$75.00","Shoes",4.6,"14,335","Skechers Men's Summits High Range Hands Free Slip-in"
"7. Bruno Marc Men's KnitFlex Breeze Mesh Sneakers Oxfords Lace-Up Lightweight Casual Walking Shoes","$61.35","Shoes",4.6,"545","Bruno Marc Men's KnitFlex Breeze Mesh Sneakers Oxfords Lace-Up Lightweight Casual Walking Shoes"
"8. adidas Men's Daily 4.0 Shoes","$75.00","Shoes",4.5,"1,875","adidas Men's Daily 4.0 Shoes"
"9. adidas Women's Vl Court 3.0","$42.99","Shoes",4.5,"807","adidas Women's Vl Court 3.0"
"10. adidas Men's X_PLR Path Sneaker","$48.99","Shoes",4.6,"243","adidas Men's X_PLR Path Sneaker"
"11. Under Armour Boys' Grade School Surge 4 Running Shoe","$43.74","Shoes",4.7,"4,751","Under Armour Boys' Grade School Surge 4 Running Shoe"
"12. adidas Men's Grand Court 2.0","$65.00","Shoes",4.5,"21,580","adidas Men's Grand Court 2.0"
"13. Skechers Women's Summits Quick Getaway Slip-On Sneaker","$55.57","Shoes",4.7,"1,470","Skechers Women's Summits Quick Getaway Slip-On Sneaker"
"14. HEYDUDE Wally Amazon Exclusive Styles, Men's Shoes, Men's Slip-on Loafers, Comfortable & Light-Weight","$75.00","Shoes",4.7,"16,002","HEYDUDE Wally Amazon Exclusive Styles, Men's Shoes, Men's Slip-on Loafers, Comfortable & Light-Weight"
"15. adidas Men's Daily 3.0 Sneaker","$32.49","Shoes",4.4,"20,637","adidas Men's Daily 3.0 Sneaker"
"16. Reebok Men's BB4500 Hi 2 Sneaker","$65.00","Shoes",4.6,"1,401","Reebok Men's BB4500 Hi 2 Sneaker"
"17. Skechers Men's Garza Gervin Slip in","$38.50","Shoes",4.6,"50,989","Skechers Men's Garza Gervin Slip in"
"18. Under Armour Men's Charged Assert 9 Running Shoe","$55.00","Shoes",4.2,"648","Under Armour Men's Charged Assert 9 Running Shoe"
"19. Men's Slip On Running Shoes Fashion Walking Sneakers Mesh Soft Sole Loafers Comfortable & Light-Weight Tennis Work Trainers","$52.50","Shoes",4.2,"873","Men's Slip On Running Shoes Fashion Walking Sneakers Mesh Soft Sole Loafers Comfortable & Light-Weight Tennis Work Trainers"
"20. Mevlzz Mens Running Shoes Slip on Tennis Walking Sneakers Casual Mesh Breathable Lightweight Work Sport Shoes","$70.00","Shoes",4.6,"369","Mevlzz Mens Running Shoes Slip on Tennis Walking Sneakers Casual Mesh Breathable Lightweight Work Sport Shoes"
"21. ANTLULU Boys and Girls Canvas Kid Shoes Adjustable Design Fashion Casual Sneakers","$40.00","Shoes",4.5,"673","ANTLULU Boys and Girls Canvas Kid Shoes Adjustable Design Fashion Casual Sneakers"
"22. Sperry Authentic Original Slip On Boat Shoe","$55.00","Shoes",4.3,"955","Sperry Authentic Original Slip On Boat Shoe"
"23. Reebok Women's Court Advance Sneaker","$65.69","Shoes",4.5,"93,448","Reebok Women's Court Advance Sneaker"
"24. Skechers Women's Go Walk Joy Sneaker","$58.97","Shoes",4.6,"2,908","Skechers Women's Go Walk Joy Sneaker"
"25. adidas Women's Grand Court 2.0 Tennis Shoe","$65.00","Shoes",4.6,"98","adidas Women's Grand Court 2.0 Tennis Shoe"
"26. DREAM PAIRS Men's Retro Fashion Sneakers Cam Classic Y2K Chunky Comfortable Casual Lifestyle Walking Tennis Shoes","$39.99","Shoes",4.5,"65,645","DREAM PAIRS Men's Retro Fashion Sneakers Cam Classic Y2K Chunky Comfortable Casual Lifestyle Walking Tennis Shoes"
"27. Skechers Women's Summits Sneaker","$65.00","Shoes",4.5,"112","Skechers Women's Summits Sneaker"
"28. Under Armour Unisex-Adult Lockdown 7 Sneaker","$89.99","Shoes",4.6,"4,048","Under Armour Unisex-Adult Lockdown 7 Sneaker"
"29. Clarks Men's Shacre Boot Ankle","$29.99","Shoes",4.4,"768","Clarks Men's Shacre Boot Ankle"
"30. adidas Men's Ultraboost 1.0 Shoe","$29.99","Shoes",4,"1,148","adidas Men's Ultraboost 1.0 Shoe"
"1. Check each product page for other buying options. Price and other details may vary based on product size and color.","$19.98","Bags",4.6,"3,195","Check each product page for other buying options. Price and other details may vary based on product size and color."
"2. Kipling Sabian Printed Crossbody Mini Bag","$54.00","Bags",4.5,"2,349","Kipling Sabian Printed Crossbody Mini Bag"
"3. Vintage Casual Corduroy Bags Crossbody Bag Purse for Women Travel Shoulder Bags Handbags Eco Bag","$15.99","Bags",4.7,"4,278","Vintage Casual Corduroy Bags Crossbody Bag Purse for Women Travel Shoulder Bags Handbags Eco Bag"
"4. Michael Kors Crossbody, Brown","$62.99","Bags",4.4,"1,527","Michael Kors Crossbody, Brown"
"5. Large Canvas Tote Bag for Women,Womens Laptop Work Book Bags Crossbody Purse Handbag Shoulder Travel Messenger Gym Totes","$99.00","Bags",4.4,"5,132","Large Canvas Tote Bag for Women,Womens Laptop Work Book Bags Crossbody Purse Handbag Shoulder Travel Messenger Gym Totes"
"6. CYHTWSDJ Shoulder Bags for Women, Cute Hobo Tote Handbag Mini Clutch Purse with Zipper Closure","$24.99","Bags",4.8,"8,453","CYHTWSDJ Shoulder Bags for Women, Cute Hobo Tote Handbag Mini Clutch Purse with Zipper Closure"
"7. Michael Kors(マイケルコース Crossbody","$59.84","Bags",4.6,"3,556","Michael Kors(マイケルコース Crossbody"
"8. BOSTANTEN Small Sling Bag for Women Leather Crossbody Bags Fanny Pack Chest Bag for Travel","$25.99","Bags",4.6,"779","BOSTANTEN Small Sling Bag for Women Leather Crossbody Bags Fanny Pack Chest Bag for Travel"
"9. Corduroy Tote Bag Cute Tote Bags for Women Shoulder Bag with Inner Pocket for Work Beach Travel and Shopping Grocery","$35.99","Bags",4.4,"2,268","Corduroy Tote Bag Cute Tote Bags for Women Shoulder Bag with Inner Pocket for Work Beach Travel and Shopping Grocery"
"10. Montana West Slouchy Hobo Bags for Women Soft Designer Shoulder Purses Ladies Top Handle Handbag","$8.99","Bags",4.7,"101,508","Montana West Slouchy Hobo Bags for Women Soft Designer Shoulder Purses Ladies Top Handle Handbag"
"11. MATEIN Travel Laptop Backpack, Business Anti Theft Slim Sturdy Laptops Backpack with USB Charging Port, Water Resistant College School Computer Bag Gift for Men & Women Fits 15.6 Inch Notebook, Grey","$26.99","Bags",4.5,"959","MATEIN Travel Laptop Backpack, Business Anti Theft Slim Sturdy Laptops Backpack with USB Charging Port, Water Resistant College School Computer Bag Gift for Men & Women Fits 15.6 Inch Notebook, Grey"
"12. FashionPuzzle Small Crescent Shoulder Bag Underarm Purse","$32.99","Bags",4.7,"2,564","FashionPuzzle Small Crescent Shoulder Bag Underarm Purse"
"13. Michael Kors Jet Set Travel Medium Logo Crossbody Bag","$25.90","Bags",4.7,"387","Michael Kors Jet Set Travel Medium Logo Crossbody Bag"
"14. Michael Kors handbag for women Sheila satchel medium","$78.99","Bags",4.5,"2,081","Michael Kors handbag for women Sheila satchel medium"
"15. BAGSMART Tote Bag for Women, Foldable Tote Bag With Zipper Large Shoulder Bag Top Handle Handbag for Travel, Work","$124.99","Bags",4.8,"19,082","BAGSMART Tote Bag for Women, Foldable Tote Bag With Zipper Large Shoulder Bag Top Handle Handbag for Travel, Work"
"16. adidas Unisex Adult Defender 4 Duffel Bag, Black/White, Medium (66 L)","$24.99","Bags",4.3,"4,674","adidas Unisex Adult Defender 4 Duffel Bag, Black/White, Medium (66 L)"
"17. Laptop Tote Bag for Women 15.6 Inch Waterproof Leather Computer Bags Women Business Office Work Bag Briefcase Brown","$35.99","Bags",4.6,"9,702","Laptop Tote Bag for Women 15.6 Inch Waterproof Leather Computer Bags Women Business Office Work Bag Briefcase Brown"
"18. ETRONIK Gym Bag for Women, Personal Item Travel Bag with Shoes Compartment, Weekender Overnight Duffel Bag with Wet Pocket & USB Charging Port, Carry On Bag for Women, Travel, Gym, Weekend (Beige)","$45.99","Bags",4.7,"2,673","ETRONIK Gym Bag for Women, Personal Item Travel Bag with Shoes Compartment, Weekender Overnight Duffel Bag with Wet Pocket & USB Charging Port, Carry On Bag for Women, Travel, Gym, Weekend (Beige)"
"19. tomtoc Travel Backpack 40L, TSA Friendly Flight Approved Carry-on Luggage Hand Water-resistant Lightweight Business Rucksack, Durable Large Weekender Bag Daypack Fits 17.3 Inch Laptop","$29.99","Bags",4.7,"31,300","tomtoc Travel Backpack 40L, TSA Friendly Flight Approved Carry-on Luggage Hand Water-resistant Lightweight Business Rucksack, Durable Large Weekender Bag Daypack Fits 17.3 Inch Laptop"
"20. Travel Duffel Bag,Sports Tote Gym Bag,Shoulder Weekender Overnight Bag for Women","$49.99","Bags",4.7,"2,314","Travel Duffel Bag,Sports Tote Gym Bag,Shoulder Weekender Overnight Bag for Women"
"21. Marc Jacobs The Woven Medium Tote Bag","$80.99","Bags",4.3,"242","Marc Jacobs The Woven Medium Tote Bag"
"22. Coach Women's Crossgrain Leather Kitt Messenger Bag","$99.99","Bags",4.8,"2,807","Coach Women's Crossgrain Leather Kitt Messenger Bag"
"23. LOVEVOOK Laptop Backpack for Women, 15.6 Inch Work Business Backpacks Purse with USB Port, Large Capacity Nurse Bag College Bookbag for School, Waterproof Casual Daypack for Travel,Black-White-Brown","$19.99","Bags",4.6,"1,859","LOVEVOOK Laptop Backpack for Women, 15.6 Inch Work Business Backpacks Purse with USB Port, Large Capacity Nurse Bag College Bookbag for School, Waterproof Casual Daypack for Travel,Black-White-Brown"
"24. The Woven Medium Tote Bag","$175.00","Bags",4.6,"5,392","The Woven Medium Tote Bag"
"25. EACHY Travel Makeup Bag,Large Capacity Cosmetic Bags for Women,Waterproof Portable Pouch Open Flat Toiletry Bag Make up Organizer with Divider and Handle","$195.00","Bags",4.7,"12,945","EACHY Travel Makeup Bag,Large Capacity Cosmetic Bags for Women,Waterproof Portable Pouch Open Flat Toiletry Bag Make up Organizer with Divider and Handle"
"26. HOLYLUCK Drawstring Backpack Bag Sport Gym Sackpack","$29.98","Bags",4.7,"1,943","HOLYLUCK Drawstring Backpack Bag Sport Gym Sackpack"
"27. WantGor Women Corduroy Tote Bag, Large Shoulder Hobo Bags Casual Handbags Big Capacity Shopping Work Bag","$159.00","Bags",4.5,"722","WantGor Women Corduroy Tote Bag, Large Shoulder Hobo Bags Casual Handbags Big Capacity Shopping Work Bag"
"28. BAGSMART Gym Bags for Men Women, Foldable Travel Duffle Bag, Lightweight Weekender Duffel Bag With Shoe Compartment, Water Resistant Workout Duffle Sports Bag for Travel Yoga, Black","$195.00","Bags",4.6,"1,295","BAGSMART Gym Bags for Men Women, Foldable Travel Duffle Bag, Lightweight Weekender Duffel Bag With Shoe Compartment, Water Resistant Workout Duffle Sports Bag for Travel Yoga, Black"
"29. Travel Duffle Bag, Waterproof Weekender Bag Carry On Tote Bags for Women, Travel Essentials Sport Gym Bag for Men, Hospital Bag for Labor and Delivery, Overnight Bag Luggage Bag with Trolley Sleeve","$23.99","Bags",4.6,"395","Travel Duffle Bag, Waterproof Weekender Bag Carry On Tote Bags for Women, Travel Essentials Sport Gym Bag for Men, Hospital Bag for Labor and Delivery, Overnight Bag Luggage Bag with Trolley Sleeve"
"30. Large Makeup Bag, Cute Cosmetic Bag for Women Girls, Floral Coquette Aesthetic Toiletry Bag, Travel Make Up Organizer Bag (BDLH)","$9.88","Bags",4.8,"1,249","Large Makeup Bag, Cute Cosmetic Bag for Women Girls, Floral Coquette Aesthetic Toiletry Bag, Travel Make Up Organizer Bag (BDLH)"
"1. Check each product page for other buying options. Price and other details may vary based on product size and color.","$11.80","Clothes",4.4,"14,117","Check each product page for other buying options. Price and other details may vary based on product size and color."
"2. Amazon Essentials Long Sleeve Shirt for Men, Regular-Fit Henley, Available in Big & Tall","$16.10","Clothes",4.5,"5,528","Amazon Essentials Long Sleeve Shirt for Men, Regular-Fit Henley, Available in Big & Tall"
"3. Trendy Queen Womens Oversized Hoodies Fleece Sweatshirts Long Sleeve Sweaters Pullover Fall Outfits Winter Clothes","$39.99","Clothes",4.3,"5,925","Trendy Queen Womens Oversized Hoodies Fleece Sweatshirts Long Sleeve Sweaters Pullover Fall Outfits Winter Clothes"
"4. 4 Pack Leggings for Women Butt Lift High Waisted Tummy Control No See-Through Yoga Pants Workout Running Leggings","$52.99","Clothes",4.2,"997","4 Pack Leggings for Women Butt Lift High Waisted Tummy Control No See-Through Yoga Pants Workout Running Leggings"
"5. Trendy Queen Womens Long Sleeve Shirts Crop Tops Basic Tight Slim Fit Y2K T Shirts Winter Clothes 2024","$25.99","Clothes",4.3,"8,720","Trendy Queen Womens Long Sleeve Shirts Crop Tops Basic Tight Slim Fit Y2K T Shirts Winter Clothes 2024"
"6. Kissfix Womens Long Sleeve Shirts Going Out Fall Clothes Casual Henley Tops Ribbed Knit Blouses Fashion Trendy Outfits","$32.99","Clothes",4.4,"808","Kissfix Womens Long Sleeve Shirts Going Out Fall Clothes Casual Henley Tops Ribbed Knit Blouses Fashion Trendy Outfits"
"7. AUTOMET Womens T Shirts Short Sleeve V Neck Tops with Pockets Summer Fashion Trendy Soft Casual Comfy Outfits Clothes 2024","$14.99","Clothes",4.4,"869","AUTOMET Womens T Shirts Short Sleeve V Neck Tops with Pockets Summer Fashion Trendy Soft Casual Comfy Outfits Clothes 2024"
"8. Arach&Cloz Womens Knit Sweater Long Sleeve Pullover Tops Trendy Dressy Business Casual Winter Clothes Outfit Fashion 2024","$14.99","Clothes",4.2,"1,271","Arach&Cloz Womens Knit Sweater Long Sleeve Pullover Tops Trendy Dressy Business Casual Winter Clothes Outfit Fashion 2024"
"9. SHEWIN Women's Casual Boho Floral Print V Neck Long Sleeve Loose Blouses Shirts Tops","$32.99","Clothes",4.2,"1,440","SHEWIN Women's Casual Boho Floral Print V Neck Long Sleeve Loose Blouses Shirts Tops"
"10. Ninedaily Women's Tops 3/4 Sleeve Blouses Dressy Casual Double Layers Mesh Tunic Shirts","$14.99","Clothes",4.4,"16,279","Ninedaily Women's Tops 3/4 Sleeve Blouses Dressy Casual Double Layers Mesh Tunic Shirts"
"11. AUTOMET Womens Fall Outfits Fashion Clothes Shackets Flannel Plaid Button Down Long Sleeve Shirts Jackets 2024","$19.99","Clothes",4.2,"4,889","AUTOMET Womens Fall Outfits Fashion Clothes Shackets Flannel Plaid Button Down Long Sleeve Shirts Jackets 2024"
"12. ANRABESS Women 2 Piece Outfits Sweatsuit Oversized Sweatshirt Sweatpants Tracksuit Sweat Lounge Matching Set 2024 Fall Trendy","$26.98","Clothes",4.1,"4,519","ANRABESS Women 2 Piece Outfits Sweatsuit Oversized Sweatshirt Sweatpants Tracksuit Sweat Lounge Matching Set 2024 Fall Trendy"
"13. Yovela Sweatpants Women Baggy High Waisted Sweat Pants Fall Clothes Casual Joggers Y2k Aesthetic Warm Trousers with Pockets","$30.99","Clothes",4.1,"186","Yovela Sweatpants Women Baggy High Waisted Sweat Pants Fall Clothes Casual Joggers Y2k Aesthetic Warm Trousers with Pockets"
"14. AUTOMET Womens Wide Leg Sweatpants High Waisted Baggy Pants Drawstring Athletic Joggers","$29.99","Clothes",4.1,"1,213","AUTOMET Womens Wide Leg Sweatpants High Waisted Baggy Pants Drawstring Athletic Joggers"
"15. XPONNI Track Pants Women Baggy Pants Y2k Pants Parachute Pants for Women Y2K Clothing","$34.99","Clothes",3.9,"123","XPONNI Track Pants Women Baggy Pants Y2k Pants Parachute Pants for Women Y2K Clothing"
"16. PRETTYGARDEN Women's Long Sleeve Y2K Crop Top Trendy Off Shoulder Asymmetrical Fitted Knit Tee Shirts Going Out Tops","$49.99","Clothes",4.4,"52,678","PRETTYGARDEN Women's Long Sleeve Y2K Crop Top Trendy Off Shoulder Asymmetrical Fitted Knit Tee Shirts Going Out Tops"
"17. Real Essentials 4 Pack: Men's Dry-Fit UV Moisture Wicking UPF 50+ SPF Sun Protective Fishing Hiking Active Long Sleeve Shirt","$53.99","Clothes",4.3,"2,921","Real Essentials 4 Pack: Men's Dry-Fit UV Moisture Wicking UPF 50+ SPF Sun Protective Fishing Hiking Active Long Sleeve Shirt"
"18. Trendy Queen Women's Turtleneck Long Sleeve Shirts Fall Fashion Basic Thermal Underwear Tops Winter Clothes 2024","$19.99","Clothes",4.4,"490","Trendy Queen Women's Turtleneck Long Sleeve Shirts Fall Fashion Basic Thermal Underwear Tops Winter Clothes 2024"
"19. Ekouaer Womens Silk Satin Pajama Sets Soft Short Sleeve Button Down Sleepwear Top and Shorts 2 Piece Pjs Lounge Set S-XXL","$37.99","Clothes",4.5,"24,613","Ekouaer Womens Silk Satin Pajama Sets Soft Short Sleeve Button Down Sleepwear Top and Shorts 2 Piece Pjs Lounge Set S-XXL"
"20. Wrangler Authentics Men's Long Sleeve Fleece Quarter-Zip Sweater","$23.99","Clothes",4.4,"3,700","Wrangler Authentics Men's Long Sleeve Fleece Quarter-Zip Sweater"
"21. AUTOMET Womens Sweatshirts Half Zip Cropped Pullover Fleece Quarter Zipper Hoodies 2024 Fall Fashion Outfits Clothes","$18.99","Clothes",4.1,"139","AUTOMET Womens Sweatshirts Half Zip Cropped Pullover Fleece Quarter Zipper Hoodies 2024 Fall Fashion Outfits Clothes"
"22. Trendy Queen Womens Oversized Long Sleeve T Shirts Basic Crewneck Tee Fall Tops Casual Workout Fashion Casual Y2K Clothes","$34.99","Clothes",4.5,"177,062","Trendy Queen Womens Oversized Long Sleeve T Shirts Basic Crewneck Tee Fall Tops Casual Workout Fashion Casual Y2K Clothes"
"23. Hanes Men's Hoodie, EcoSmart Fleece Hoodie, Hooded Sweatshirt for Men","$50.00","Clothes",4.6,"49,605","Hanes Men's Hoodie, EcoSmart Fleece Hoodie, Hooded Sweatshirt for Men"
"24. Wrangler Authentics Men's Long Sleeve Quilted Lined Flannel Shirt Jacket with Hood","$19.99","Clothes",4.6,"44,236","Wrangler Authentics Men's Long Sleeve Quilted Lined Flannel Shirt Jacket with Hood"
"25. Thermajane Long Johns Thermal Underwear for Women Fleece Lined Base Layer Pajama Set Cold Weather","$25.99","Clothes",4.4,"160","Thermajane Long Johns Thermal Underwear for Women Fleece Lined Base Layer Pajama Set Cold Weather"
"26. Trendy Queen Womens Going Out Tops Long Sleeve Top Trendy Cute Shirt Y2k Clothing Fall Fashion Clothes 2024","$20.99","Clothes",4.4,"8,054","Trendy Queen Womens Going Out Tops Long Sleeve Top Trendy Cute Shirt Y2k Clothing Fall Fashion Clothes 2024"
"27. KEOMUD Women's Winter Crop Vest Lightweight Sleeveless Warm Outerwear Puffer Vest Padded Gilet","$25.72","Clothes",4.2,"951","KEOMUD Women's Winter Crop Vest Lightweight Sleeveless Warm Outerwear Puffer Vest Padded Gilet"
"28. SAMPEEL V Neck Long Sleeve Shirts for Women Casual Fall Tops Lightweight Tunic Sweaters Fashion Clothes 2024","$36.99","Clothes",4.2,"652","SAMPEEL V Neck Long Sleeve Shirts for Women Casual Fall Tops Lightweight Tunic Sweaters Fashion Clothes 2024"
"29. Trendy Queen Womens Going Out Crop Tops Backless Tank Tops Summer Y2k Teen Girls Basics Cute Clothes","$52.99","Clothes",4.7,"59,309","Trendy Queen Womens Going Out Crop Tops Backless Tank Tops Summer Y2k Teen Girls Basics Cute Clothes"
"30. Under Armour Men's Tech Golf Polo","$19.99","Clothes",4.3,"1,623","Under Armour Men's Tech Golf Polo"
"1. Check each product page for other buying options. Price and other details may vary based on product size and color.","$109.20","Furnitures",4.6,"8","Check each product page for other buying options. Price and other details may vary based on product size and color."
"2. Dresser with Charging Station and LED Lights, Dresser for Bedroom TV Stand Dresser with 9 Drawers, Fabric Drawers Storage Dresser Organizer for Living Room, Hallway, Closet (Modern White)","$129.99","Furnitures",4.5,"2,195","Dresser with Charging Station and LED Lights, Dresser for Bedroom TV Stand Dresser with 9 Drawers, Fabric Drawers Storage Dresser Organizer for Living Room, Hallway, Closet (Modern White)"
"3. Yoobure Tree Bookshelf - 6 Shelf Retro Floor Standing Bookcase, Tall Wood Book Storage Rack for CDs/Movies/Books, Utility Book Organizer Shelves for Bedroom, Living Room, Home Office","$49.99","Furnitures",4.5,"3,514","Yoobure Tree Bookshelf - 6 Shelf Retro Floor Standing Bookcase, Tall Wood Book Storage Rack for CDs/Movies/Books, Utility Book Organizer Shelves for Bedroom, Living Room, Home Office"
"4. SUPERJARE Nightstand with Charging Station, Bed Side Table with Adjustable Fabric Drawer, Night Stand for Bedroom, 3-Tier Storage End Table, for Living Room, Rustic Brown and Black","$8.33","Furnitures",4.4,"6,296","SUPERJARE Nightstand with Charging Station, Bed Side Table with Adjustable Fabric Drawer, Night Stand for Bedroom, 3-Tier Storage End Table, for Living Room, Rustic Brown and Black"
"5. WLIVE Dresser for Bedroom with 8 Drawers, Wide Fabric Dresser for Storage and Organization, Bedroom Dresser, Chest of Drawers for Living Room, Closet, Hallway, Charcoal Black Wood Grain Print","$59.99","Furnitures",4.1,"87","WLIVE Dresser for Bedroom with 8 Drawers, Wide Fabric Dresser for Storage and Organization, Bedroom Dresser, Chest of Drawers for Living Room, Closet, Hallway, Charcoal Black Wood Grain Print"
"6. MAXYOYO Folding Sofa Bed, Convertible Sleeper Chair with Pillow Foldable Mattress with Back Support, Portable Fold Out Chair Bed Comfy Floor Sofa Lounge for Living Room Bedroom, Green, Single","$45.99","Furnitures",4.2,"810","MAXYOYO Folding Sofa Bed, Convertible Sleeper Chair with Pillow Foldable Mattress with Back Support, Portable Fold Out Chair Bed Comfy Floor Sofa Lounge for Living Room Bedroom, Green, Single"
"7. Lerliuo Rattan Nightstand, Boho Side Table with Drawer Open Shelf, Cane Accent Bedside End Table with Solid Wood Legs for Bedroom, Dorm and Small Spaces (Natural)","$65.99","Furnitures",4,"276","Lerliuo Rattan Nightstand, Boho Side Table with Drawer Open Shelf, Cane Accent Bedside End Table with Solid Wood Legs for Bedroom, Dorm and Small Spaces (Natural)"
"8. Night Stand Set 2, End Table with Charging Station, LED Bedside Table with Fabric Drawer for Bedroom, 3-Tier Side Table with Open Shelf, Black","$99.99","Furnitures",4.6,"2,189","Night Stand Set 2, End Table with Charging Station, LED Bedside Table with Fabric Drawer for Bedroom, 3-Tier Side Table with Open Shelf, Black"
"9. Industrial Table Lamps for Bedrooms Set of 2 - Fully Dimmable Bedside Lamps with USB A and C Ports and Outlet, Black Nightstand Lamps with Glass Shade for Living Room, Desk Lamps for Office Reading","$149.99","Furnitures",4.4,"17,844","Industrial Table Lamps for Bedrooms Set of 2 - Fully Dimmable Bedside Lamps with USB A and C Ports and Outlet, Black Nightstand Lamps with Glass Shade for Living Room, Desk Lamps for Office Reading"
"10. WLIVE Night Stand, Small 2 Drawer Dresser, Nightstand with Fabric Bins for Bedroom, Closet, Dorm, Rustic Brown Wood Grain Print, 11.8"" D x 15.7"" W x 20.9"" H","$39.99","Furnitures",4.1,"370","WLIVE Night Stand, Small 2 Drawer Dresser, Nightstand with Fabric Bins for Bedroom, Closet, Dorm, Rustic Brown Wood Grain Print, 11.8"" D x 15.7"" W x 20.9"" H"
"11. NeuType Arched Full Length Mirror Standing Hanging or Leaning Against Wall, Oversized Large Bedroom Mirror Floor Mirror Dressing Mirror, Aluminum Alloy Thin Frame, Gold, 65""x22""","$89.99","Furnitures",4.6,"24,617","NeuType Arched Full Length Mirror Standing Hanging or Leaning Against Wall, Oversized Large Bedroom Mirror Floor Mirror Dressing Mirror, Aluminum Alloy Thin Frame, Gold, 65""x22"""
"12. SONGMICS 30 Inches Folding Storage Ottoman Bench, Storage Chest, Foot Rest Stool, Light Gray ULSF47G","$75.99","Furnitures",4.5,"3,338","SONGMICS 30 Inches Folding Storage Ottoman Bench, Storage Chest, Foot Rest Stool, Light Gray ULSF47G"
"13. Pipishell Coat Rack Sturdy Wooden Coat Rack Stand, Adjustable Coat Tree, Free Standing Tree Hanger with 4 Sections & 8 Hooks, for Home/Bedroom/Office/Hallway/Entryway","$49.99","Furnitures",4.3,"3,451","Pipishell Coat Rack Sturdy Wooden Coat Rack Stand, Adjustable Coat Tree, Free Standing Tree Hanger with 4 Sections & 8 Hooks, for Home/Bedroom/Office/Hallway/Entryway"
"14. WLIVE TV Stand for 55 60 inch TV, Mid Century Modern TV Console, Entertainment Center with Storage for Living Room, Retro Brown","$25.00","Furnitures",4.2,"3,161","WLIVE TV Stand for 55 60 inch TV, Mid Century Modern TV Console, Entertainment Center with Storage for Living Room, Retro Brown"
"15. SPACELEAD Slim Storage Cart 4 Tier, Storage Organizer Rolling Utility/Mobile Shelving Unit Slide Out Storage Cart for Office, Bathroom, Kitchen, Laundry Room & Narrow Places， Green","$29.99","Furnitures",4.1,"149","SPACELEAD Slim Storage Cart 4 Tier, Storage Organizer Rolling Utility/Mobile Shelving Unit Slide Out Storage Cart for Office, Bathroom, Kitchen, Laundry Room & Narrow Places， Green"
"16. Furnulem Tall Nightstand with Charging Station, Night Stands with LED Lights and Storage Shelves, Bed Side Table for Bedroom, Hallway, Office, 4 Fabric Drawers, Rustic Brown","$42.88","Furnitures",4.4,"2,837","Furnulem Tall Nightstand with Charging Station, Night Stands with LED Lights and Storage Shelves, Bed Side Table for Bedroom, Hallway, Office, 4 Fabric Drawers, Rustic Brown"
"17. VTRIN Vertical Narrow Shoe Rack Organizer Tall Shoe Rack for Closet Entryway 10 Tier Non-Woven Cover Shoe Shelf Holds 20-22 Pairs Free Standing Shoe Storage Cabinet with Dustproof Cover Black","$138.50","Furnitures",5,"4","VTRIN Vertical Narrow Shoe Rack Organizer Tall Shoe Rack for Closet Entryway 10 Tier Non-Woven Cover Shoe Shelf Holds 20-22 Pairs Free Standing Shoe Storage Cabinet with Dustproof Cover Black"
"18. Real Relax 105'' Convertible Sectional Sofa Couch, Sleeper Sofa Linen Fabric Modular Sofa with Removable Pillows and Movable Ottoman, Beige","$189.99","Furnitures",4.5,"24","Real Relax 105'' Convertible Sectional Sofa Couch, Sleeper Sofa Linen Fabric Modular Sofa with Removable Pillows and Movable Ottoman, Beige"
"19. 40 * 24 Electric Standing Desk, Adjustable Height Sit Stand Up Desk, Motorized Home Office Computer Gaming Workstation Desk","$42.99","Furnitures",4.5,"20","40 * 24 Electric Standing Desk, Adjustable Height Sit Stand Up Desk, Motorized Home Office Computer Gaming Workstation Desk"
"20. Office Chair, Ergonomic Desk Chair with Adjustable Lumbar Support, High Back Mesh Computer Chair with Heavy Duty Metal Base, Executive Chair for Home Office","$29.99","Furnitures",4.2,"247","Office Chair, Ergonomic Desk Chair with Adjustable Lumbar Support, High Back Mesh Computer Chair with Heavy Duty Metal Base, Executive Chair for Home Office"
"21. Genina Recliner Cover Stretch Couch Covers, Sofa slipcover for Reclining Couch Thick Jacquard Furniture Protector Washable (Taupe, 1 Seat)","$114.99","Furnitures",4.7,"210","Genina Recliner Cover Stretch Couch Covers, Sofa slipcover for Reclining Couch Thick Jacquard Furniture Protector Washable (Taupe, 1 Seat)"
"22. LITTLE TREE Wood End Table with 2 Drawers Sofa Side Table, No Assembly Required Vintage Slim Nightstand Bedside Table for Bedroom","$26.99","Furnitures",4.3,"29","LITTLE TREE Wood End Table with 2 Drawers Sofa Side Table, No Assembly Required Vintage Slim Nightstand Bedside Table for Bedroom"
"23. Night Stand Set 2,Nightstand with Charging Station,Induction Light and LED Light,Bedside Table with Drawers,Modern Nightstand End Side Table for Bedroom,Nightstands with Bookshelf,Black","$69.99","Furnitures",4.4,"225","Night Stand Set 2,Nightstand with Charging Station,Induction Light and LED Light,Bedside Table with Drawers,Modern Nightstand End Side Table for Bedroom,Nightstands with Bookshelf,Black"
"24. COLAMY Modern Wingback Living Room Chair, Upholstered Fabric Accent Armchair, Single Sofa Chair with Lounge Seat and Wood Legs for Bedroom/Office/Reading Spaces, Beige","$29.99","Furnitures",4.4,"1,594","COLAMY Modern Wingback Living Room Chair, Upholstered Fabric Accent Armchair, Single Sofa Chair with Lounge Seat and Wood Legs for Bedroom/Office/Reading Spaces, Beige"
"25. DWVO Dresser with 9 Drawers - Fabric Storage Tower, Organizer Unit for Living Room, Hallway - Sturdy Steel Frame, Wooden Top & Easy Pull Fabric Bins","$1,439.99","Furnitures",4.2,"38","DWVO Dresser with 9 Drawers - Fabric Storage Tower, Organizer Unit for Living Room, Hallway - Sturdy Steel Frame, Wooden Top & Easy Pull Fabric Bins"
"26. Recliner Stretch Sofa Slipcover Sofa Cover 1 Piece Furniture Protector,Dark Grey","$109.99","Furnitures",4.5,"45","Recliner Stretch Sofa Slipcover Sofa Cover 1 Piece Furniture Protector,Dark Grey"
"27. Office Chair Big and Tall, High Back Home Office Chair 400 lbs, Executive Desk Chair, Ergonomic Office Chair with Padded Armrest, Swivel Computer Chair PU Leather (Brown)","$169.98","Furnitures",4.6,"85","Office Chair Big and Tall, High Back Home Office Chair 400 lbs, Executive Desk Chair, Ergonomic Office Chair with Padded Armrest, Swivel Computer Chair PU Leather (Brown)"
"28. HAOMAIJIA Non Slip Couch Cover Sofa Covers for 3 Cushion Couch Washable sectional Couch Covers for Dogs pet Furniture Protector Couch Cover Blanket for Living Room (Brown, 91""x134"")","$25.99","Furnitures",4.6,"86","HAOMAIJIA Non Slip Couch Cover Sofa Covers for 3 Cushion Couch Washable sectional Couch Covers for Dogs pet Furniture Protector Couch Cover Blanket for Living Room (Brown, 91""x134"")"
"29. Kids Play Couch, Modular Toddler Couch for Climb Crawl, Convertible Glow Sofa, Multifunctional Foam Furniture for Playroom Bedroom","$193.99","Furnitures",4.5,"33,220","Kids Play Couch, Modular Toddler Couch for Climb Crawl, Convertible Glow Sofa, Multifunctional Foam Furniture for Playroom Bedroom"
"30. Adhesive Shower Caddy, 5 Pack Rustproof Stainless Steel Bath Organizers With Large Capacity, No Drilling Shelves for Bathroom Storage & Home Decor","$179.99","Furnitures",4.3,"14,398","Adhesive Shower Caddy, 5 Pack Rustproof Stainless Steel Bath Organizers With Large Capacity, No Drilling Shelves for Bathroom Storage & Home Decor"
"1. Check each product page for other buying options. Price and other details may vary based on product size and color.","$49.99","SchoolSupplies",4.3,"309","Check each product page for other buying options. Price and other details may vary based on product size and color."
"2. Shuttle Art 384 Pack Washable Super Tips Markers, 16 Assorted Colors Conical Tip Large Markers Bulk with a Box, Bonus Caps, Home Classroom School Supplies for Toddlers Kids Adults Students Teachers","$0.13","SchoolSupplies",4.8,"9","Shuttle Art 384 Pack Washable Super Tips Markers, 16 Assorted Colors Conical Tip Large Markers Bulk with a Box, Bonus Caps, Home Classroom School Supplies for Toddlers Kids Adults Students Teachers"
"3. Highlighters 90 Pack, Chisel Tip, Tank Style Highlighters Assorted Fluorescent Colors, 6 Bright Colors Highlighter Markers for Coloring, Highlighting as School Supplies","$19.99","SchoolSupplies",4.8,"222","Highlighters 90 Pack, Chisel Tip, Tank Style Highlighters Assorted Fluorescent Colors, 6 Bright Colors Highlighter Markers for Coloring, Highlighting as School Supplies"
"4. BIC Xtra-Smooth Pastel Mechanical Pencils with Erasers, Medium Point (0.7mm), 40-Count Pack, Bulk Mechanical Pencils for School or Office Supplies","$0.22","SchoolSupplies",4.7,"1,713","BIC Xtra-Smooth Pastel Mechanical Pencils with Erasers, Medium Point (0.7mm), 40-Count Pack, Bulk Mechanical Pencils for School or Office Supplies"
"5. Westcott 7"" Student Scissors for Kids 12-14 - Scissors for School or Crafting - Back to School Supplies - Color May Vary","$20.99","SchoolSupplies",4.8,"74,004","Westcott 7"" Student Scissors for Kids 12-14 - Scissors for School or Crafting - Back to School Supplies - Color May Vary"
"6. Paper Mate Flair Felt Tip Pens | Medium Point 0.7 Millimeter Marker Pens | School Supplies for Teachers & Students | Assorted Colors, 12 Count","$9.89","SchoolSupplies",4.8,"7,476","Paper Mate Flair Felt Tip Pens | Medium Point 0.7 Millimeter Marker Pens | School Supplies for Teachers & Students | Assorted Colors, 12 Count"
"7. Crayola Construction Paper - 480ct (2pck), Bulk School Supplies For Kids, Teacher Classroom Must Have, Art Paper, Arts & Crafts","$0.25","SchoolSupplies",4.9,"6,465","Crayola Construction Paper - 480ct (2pck), Bulk School Supplies For Kids, Teacher Classroom Must Have, Art Paper, Arts & Crafts"
"8. Crayola Crayons Bulk (24 Packs), Back to School Supplies for Preschool & Kindergarten, Bulk Crayons for Kids, Classroom Supplies","$16.00","SchoolSupplies",4.7,"126","Crayola Crayons Bulk (24 Packs), Back to School Supplies for Preschool & Kindergarten, Bulk Crayons for Kids, Classroom Supplies"
"9. ECOTREE Pencils #2 Wood-Cased HB Pencils, Pre-sharpened Number 2 Pencils for Office School Supplies, Yellow, Stocking Stuffers for Kids, Christmas Gifts, 12 Count","$6.70","SchoolSupplies",4.8,"2,807","ECOTREE Pencils #2 Wood-Cased HB Pencils, Pre-sharpened Number 2 Pencils for Office School Supplies, Yellow, Stocking Stuffers for Kids, Christmas Gifts, 12 Count"
"10. Paper Mate Clearpoint Mechanical Pencils 0.7mm, HB #2 Pencil Lead, 2 Pencils, School Supplies, Teacher Supplies, Drawing Pencils, Sketching Pencils, Assorted Barrel Colors, 10 Count","$7.99","SchoolSupplies",4.7,"2,221","Paper Mate Clearpoint Mechanical Pencils 0.7mm, HB #2 Pencil Lead, 2 Pencils, School Supplies, Teacher Supplies, Drawing Pencils, Sketching Pencils, Assorted Barrel Colors, 10 Count"
"11. ECOTREE Eco-friendly Wood & Plastic Free Rainbow Recycled Paper #2 HB Pencils For School and Office Supplies, Pre-sharpened,12-Pack","$14.82","SchoolSupplies",4.5,"20","ECOTREE Eco-friendly Wood & Plastic Free Rainbow Recycled Paper #2 HB Pencils For School and Office Supplies, Pre-sharpened,12-Pack"
"12. Shuttle Art Mechanical Pencils, 162 Pack Bulk Mechanical Pencils 0.7mm Medium Point, HB #2 Lead Pencils, Assorted Barrels, Office School Supplies","$0.03","SchoolSupplies",4.7,"279","Shuttle Art Mechanical Pencils, 162 Pack Bulk Mechanical Pencils 0.7mm Medium Point, HB #2 Lead Pencils, Assorted Barrels, Office School Supplies"
"13. 20PACK Mechanical Pencil, 8Pcs 0.5 0.7mm Mechanical Pencils Set With Eraser and 480 Pcs Refills, Cute Colored Preppy School Supplies Gift for Girls Writing - Come With Custom Case","$16.59","SchoolSupplies",4.8,"47,111","20PACK Mechanical Pencil, 8Pcs 0.5 0.7mm Mechanical Pencils Set With Eraser and 480 Pcs Refills, Cute Colored Preppy School Supplies Gift for Girls Writing - Come With Custom Case"
"14. Prismacolor Premier Colored Pencils, Soft Core, 24 Pack","$39.99","SchoolSupplies",4.8,"673","Prismacolor Premier Colored Pencils, Soft Core, 24 Pack"
"15. Nicpro 39 PCS Aesthetic School Supplies with Big Capacity Pen Case, 12 Color Pastel Highlighters, 5 Quick Dry Retractable Black Ink Pens, 6 Pastel Mechanical Pencil 0.5 & 0.7 mm for Student Stationary","$0.07","SchoolSupplies",4.9,"1,927","Nicpro 39 PCS Aesthetic School Supplies with Big Capacity Pen Case, 12 Color Pastel Highlighters, 5 Quick Dry Retractable Black Ink Pens, 6 Pastel Mechanical Pencil 0.5 & 0.7 mm for Student Stationary"
"16. Crayola Broad Line Markers Classpack (256 Ct), Bulk School Supplies For Teachers, Kids Markers For School, Classroom Must Have","$48.99","SchoolSupplies",4.4,"3,045","Crayola Broad Line Markers Classpack (256 Ct), Bulk School Supplies For Teachers, Kids Markers For School, Classroom Must Have"
"17. Vitoler 10Pcs Aesthetic Highlighters, Chisel Tip Marker Pens,Assorted Color Candy Highlighters,No Bleed Bible Highlighters,Cute Pastel Highlighters for Journaling Planner Notes School Supplies","$5.99","SchoolSupplies",4.5,"83","Vitoler 10Pcs Aesthetic Highlighters, Chisel Tip Marker Pens,Assorted Color Candy Highlighters,No Bleed Bible Highlighters,Cute Pastel Highlighters for Journaling Planner Notes School Supplies"
"18. M&G Desktop Stapler Basic Stapler with 25 Sheet Capacity, Two Binding Modes, Portable Stapler with 1000 Staples and Remover, Durable Staplers for Office School Home (Black)","$0.50","SchoolSupplies",4.6,"590","M&G Desktop Stapler Basic Stapler with 25 Sheet Capacity, Two Binding Modes, Portable Stapler with 1000 Staples and Remover, Durable Staplers for Office School Home (Black)"
"19. Expanding File Folder File Organizer 13 Pockets File Organizer Accordion Filing Folder Expandable File Folder for Documents Aesthetic Paper Organizer Folder for Work, School, Home, Office, Grey","$6.99","SchoolSupplies",4.9,"22","Expanding File Folder File Organizer 13 Pockets File Organizer Accordion Filing Folder Expandable File Folder for Documents Aesthetic Paper Organizer Folder for Work, School, Home, Office, Grey"
"20. 8.5"" X 11"" Colored Cardstock Paper Bulk 300 Sheets 30 Assorted Colors Construction Paper Card Stock Printer Paper for DIY Crafts, Cricut Card Making, Party Decor, Kids School Supplies, 180 GSM","$8.99","SchoolSupplies",4.8,"64,867","8.5"" X 11"" Colored Cardstock Paper Bulk 300 Sheets 30 Assorted Colors Construction Paper Card Stock Printer Paper for DIY Crafts, Cricut Card Making, Party Decor, Kids School Supplies, 180 GSM"
"21. Paper Mate InkJoy Pens, Gel Pens, Medium Point (0.7 mm), Assorted, 14 Count","$0.75","SchoolSupplies",4.6,"2,942","Paper Mate InkJoy Pens, Gel Pens, Medium Point (0.7 mm), Assorted, 14 Count"
"22. Back to School Supply Box Grades K-5 - School Supply Kit Back to School Essentials - 32 Pieces","$9.99","SchoolSupplies",4.7,"19,680","Back to School Supply Box Grades K-5 - School Supply Kit Back to School Essentials - 32 Pieces"
"23. Soucolor 72-Color Colored Pencils for Adult Coloring Books, Back to School Supplies, Soft Core Artist Sketching Drawing Pencils Drawing Supplies, Art Supplies Kit for Adults Kids, Coloring Pencils Set","$22.99","SchoolSupplies",4.6,"3,979","Soucolor 72-Color Colored Pencils for Adult Coloring Books, Back to School Supplies, Soft Core Artist Sketching Drawing Pencils Drawing Supplies, Art Supplies Kit for Adults Kids, Coloring Pencils Set"
"24. EXPO Low Odor Dry Erase Markers, Chisel Tip, Assorted Fashion Colors, 36 Count for Classroom, Office & Home Use","$0.14","SchoolSupplies",4.9,"68","EXPO Low Odor Dry Erase Markers, Chisel Tip, Assorted Fashion Colors, 36 Count for Classroom, Office & Home Use"
"25. FIOVER Colored Pens, 6 Pack Colorful Gel Pens, Medium Point 0.7mm, Smooth Writing Pens Multicolor for Journaling, Drawing, Doodling, and Note Taking (Multiple Colors)","$9.99","SchoolSupplies",4.3,"386","FIOVER Colored Pens, 6 Pack Colorful Gel Pens, Medium Point 0.7mm, Smooth Writing Pens Multicolor for Journaling, Drawing, Doodling, and Note Taking (Multiple Colors)"
"26. Shuttle Art Dry Erase Markers, 20 Pack 17 Colors Whiteboard Markers,Bundled with 3 Extra Black,Fine Tip Dry Erase Markers for Kids,Perfect for Writing on Dry-Erase Surfaces,School Office Supplies","$1.25","SchoolSupplies",4.9,"104","Shuttle Art Dry Erase Markers, 20 Pack 17 Colors Whiteboard Markers,Bundled with 3 Extra Black,Fine Tip Dry Erase Markers for Kids,Perfect for Writing on Dry-Erase Surfaces,School Office Supplies"
"27. Binder Clips Assorted Sizes Including Extra Large Medium Small Mini and Micro, Office Supplies File Clamps Paper Clips, 6 Sizes in 6 Boxes, 208 PCS Metal Black Clips for School","$26.99","SchoolSupplies",4.4,"4,220","Binder Clips Assorted Sizes Including Extra Large Medium Small Mini and Micro, Office Supplies File Clamps Paper Clips, 6 Sizes in 6 Boxes, 208 PCS Metal Black Clips for School"
"28. 8 Pads Lined Sticky Notes 4x4 Sticky Notes with Lines Self-Stick Note Pads 8 Bright Multi Colors, 50 Sheet/Pad","$1.17","SchoolSupplies",4.6,"2,490","8 Pads Lined Sticky Notes 4x4 Sticky Notes with Lines Self-Stick Note Pads 8 Bright Multi Colors, 50 Sheet/Pad"
"29. Trail maker 45 Piece School Supply Kit Grades K-12 - School Essentials Includes Folders Notebooks Pencils Pens and Much More!","$28.99","SchoolSupplies",4.8,"222","Trail maker 45 Piece School Supply Kit Grades K-12 - School Essentials Includes Folders Notebooks Pencils Pens and Much More!"
"30. BIC Xtra-Smooth Pastel Mechanical Pencils with Erasers, Medium Point (0.7mm), 40-Count Pack, Bulk Mechanical Pencils for School or Office Supplies","$65.98","SchoolSupplies",4.6,"10,045","BIC Xtra-Smooth Pastel Mechanical Pencils with Erasers, Medium Point (0.7mm), 40-Count Pack, Bulk Mechanical Pencils for School or Office Supplies"
