"Category","ProductName","Reviewer","Date","Title","Comment","StarRating","VerifiedPurchase"
"Shoes","Mens Oxfords Lace-Up Lightweight Casual Walking Shoes Dress Shoes Fashion Sneakers Walking Shoes","kenneth d.","Reviewed in the United States on August 8, 2024","5.0 out of 5 stars","These are very comfortable and they look really nice",5,NA
"Shoes","Mens Oxfords Lace-Up Lightweight Casual Walking Shoes Dress Shoes Fashion Sneakers Walking Shoes","Tonya M Williams","Reviewed in the United States on August 9, 2024","","I bought these for my Dad and he loves them. Says they are super comfortable and easy to put on. Unfortunately, they are not slip-ons like my Dad wanted. But, he said they are still easy for him to put on with no problem.Definitely would buy more in other colors since Dad likes them so much.",5,NA
"Shoes","Mens Oxfords Lace-Up Lightweight Casual Walking Shoes Dress Shoes Fashion Sneakers Walking Shoes","Emil Bobev","Reviewed in the United States on February 15, 2024","Look great and very inexpensive","Shoes are very stylish and lightweight. Unfortunately they feel very loose around the heel. I only wore them once and I didn't have to walk far, but I think if I was to take them for a longer walk, I would regret my life.Came packaged in a wrap, which was a little odd, but didn't affect the apperance of the shoe at all. They have a strong glue odor",4,NA
"Shoes","Mens Oxfords Lace-Up Lightweight Casual Walking Shoes Dress Shoes Fashion Sneakers Walking Shoes","Edgardo Guardado","Reviewed in the United States on November 22, 2024","5.0 out of 5 stars","Great style, cheap price, professional",5,NA
"Shoes","Mens Oxfords Lace-Up Lightweight Casual Walking Shoes Dress Shoes Fashion Sneakers Walking Shoes","cindycando","Reviewed in the United States on November 17, 2024","","Nothing like in the Amazon listing pictures. Shoes were sandwiched together in clear plastic wrapping causing them to be deformed. Shoes are too wide but felt like they might be comfortable but even with them on the deformities were still visible.",1,NA
"Shoes","Mens Oxfords Lace-Up Lightweight Casual Walking Shoes Dress Shoes Fashion Sneakers Walking Shoes","cindycando","Reviewed in the United States on October 1, 2024","Comfy shoes for Dad","Came on time and packaged well. Real comfortable",1,NA
"Shoes","Mens Oxfords Lace-Up Lightweight Casual Walking Shoes Dress Shoes Fashion Sneakers Walking Shoes","Elkeno Brown","Reviewed in the United States on October 6, 2024","4.0 out of 5 stars","Very light weight shoes.  No arch support.  Cheaply made.  However, they do look pretty good.",5,NA
"Shoes","Mens Oxfords Lace-Up Lightweight Casual Walking Shoes Dress Shoes Fashion Sneakers Walking Shoes","Old nerd","Reviewed in the United States on October 22, 2024","","These are the best shoes! My son really likes them!",3,NA
"Shoes","Mens Oxfords Lace-Up Lightweight Casual Walking Shoes Dress Shoes Fashion Sneakers Walking Shoes","Dr. Lori Butler","Reviewed in the United States on August 8, 2024","No heel support","These are very comfortable and they look really nice",5,NA
"Shoes","Mens Oxfords Lace-Up Lightweight Casual Walking Shoes Dress Shoes Fashion Sneakers Walking Shoes","kenneth d.","Reviewed in the United States on August 9, 2024","5.0 out of 5 stars","I bought these for my Dad and he loves them. Says they are super comfortable and easy to put on. Unfortunately, they are not slip-ons like my Dad wanted. But, he said they are still easy for him to put on with no problem.Definitely would buy more in other colors since Dad likes them so much.",5,NA
"Shoes","Mens Oxfords Lace-Up Lightweight Casual Walking Shoes Dress Shoes Fashion Sneakers Walking Shoes","Tonya M Williams","Reviewed in the United States on February 15, 2024","","Shoes are very stylish and lightweight. Unfortunately they feel very loose around the heel. I only wore them once and I didn't have to walk far, but I think if I was to take them for a longer walk, I would regret my life.Came packaged in a wrap, which was a little odd, but didn't affect the apperance of the shoe at all. They have a strong glue odor",5,NA
"Shoes","Mens Oxfords Lace-Up Lightweight Casual Walking Shoes Dress Shoes Fashion Sneakers Walking Shoes","Emil Bobev","Reviewed in the United States on November 22, 2024","Perfect","Great style, cheap price, professional",4,NA
"Shoes","Mens Oxfords Lace-Up Lightweight Casual Walking Shoes Dress Shoes Fashion Sneakers Walking Shoes","Edgardo Guardado","Reviewed in the United States on November 17, 2024","1.0 out of 5 stars","Nothing like in the Amazon listing pictures. Shoes were sandwiched together in clear plastic wrapping causing them to be deformed. Shoes are too wide but felt like they might be comfortable but even with them on the deformities were still visible.",5,NA
"Shoes","Mens Oxfords Lace-Up Lightweight Casual Walking Shoes Dress Shoes Fashion Sneakers Walking Shoes","cindycando","Reviewed in the United States on October 1, 2024","","Came on time and packaged well. Real comfortable",1,NA
"Shoes","Mens Oxfords Lace-Up Lightweight Casual Walking Shoes Dress Shoes Fashion Sneakers Walking Shoes","cindycando","Reviewed in the United States on October 6, 2024","Poor packaging.","Very light weight shoes.  No arch support.  Cheaply made.  However, they do look pretty good.",1,NA
"Shoes","Mens Oxfords Lace-Up Lightweight Casual Walking Shoes Dress Shoes Fashion Sneakers Walking Shoes","Elkeno Brown","Reviewed in the United States on October 22, 2024","5.0 out of 5 stars","These are the best shoes! My son really likes them!",5,NA
"Shoes","Mens Oxfords Lace-Up Lightweight Casual Walking Shoes Dress Shoes Fashion Sneakers Walking Shoes","Old nerd","Reviewed in the United States on August 8, 2024","","These are very comfortable and they look really nice",3,NA
"Shoes","Mens Oxfords Lace-Up Lightweight Casual Walking Shoes Dress Shoes Fashion Sneakers Walking Shoes","Dr. Lori Butler","Reviewed in the United States on August 9, 2024","Comfortable","I bought these for my Dad and he loves them. Says they are super comfortable and easy to put on. Unfortunately, they are not slip-ons like my Dad wanted. But, he said they are still easy for him to put on with no problem.Definitely would buy more in other colors since Dad likes them so much.",5,NA
"Shoes","Mens Oxfords Lace-Up Lightweight Casual Walking Shoes Dress Shoes Fashion Sneakers Walking Shoes","kenneth d.","Reviewed in the United States on February 15, 2024","3.0 out of 5 stars","Shoes are very stylish and lightweight. Unfortunately they feel very loose around the heel. I only wore them once and I didn't have to walk far, but I think if I was to take them for a longer walk, I would regret my life.Came packaged in a wrap, which was a little odd, but didn't affect the apperance of the shoe at all. They have a strong glue odor",5,NA
"Shoes","Mens Oxfords Lace-Up Lightweight Casual Walking Shoes Dress Shoes Fashion Sneakers Walking Shoes","Tonya M Williams","Reviewed in the United States on November 22, 2024","","Great style, cheap price, professional",5,NA
"Shoes","Skechers Men's Summits High Range Hands Free Slip-in","Alexander Molins","Reviewed in the United States on October 29, 2024","5.0 out of 5 stars","I love these sneakers.  The slip on feature works very well and is very convenient, especially when going through airport security.  Well worth it!  They fit well, look good and feel comfortable.Nice!",5,NA
"Shoes","Skechers Men's Summits High Range Hands Free Slip-in","Nick","Reviewed in the United States on December 4, 2024","","These shoes are great, the fit true to size, but the best feature has to be the slip on functionality. No more crushed heels on the shoes, just slide your foot in, no hassle. So far they have been durable, the bend great, and cushion my foot. Best shoes I‚Äôve bought from Skechers yet!",5,NA
"Shoes","Skechers Men's Summits High Range Hands Free Slip-in","HeckaNoDoy","Reviewed in the United States on December 1, 2024","Good sneakers at a reasonable price","Like every pair of slip on Sketchers I have bought since they came out, I love them. They are so easy to slip on ( = convenience) and comfortable to walk/run in ( = high quality). I feel like I am walking on a cloud. I believe these are the third, possibly even fourth pair I have bought over the past past few years and I don't have any desire to stop anytime soon. I really don't even care what they look like because I am so satisfied with how comfortable they are, but I would say they are reasonably attractive. Maybe not for the youngins, but for a 40 year old fart like me, I would confidently sport these all over town with a gigantic smile on my face. However, not looking forward to the crows feet caused by all the smiling. At my age they can become quite noticeable unfortunately.",5,NA
"Shoes","Skechers Men's Summits High Range Hands Free Slip-in","Donald Buttram","Reviewed in the United States on October 12, 2024","5.0 out of 5 stars","No dislikes. Slid my feet in with ease. Great fit. Comfortable to walk around. Obviously, this model is not designed for rigorous activities, Example basketball.",4,NA
"Shoes","Skechers Men's Summits High Range Hands Free Slip-in","Stephen C","Reviewed in the United States on November 11, 2024","","The perfect work shoe. Extremely comfortable and convenient. Great value for the money.",5,NA
"Shoes","Skechers Men's Summits High Range Hands Free Slip-in","Andy","Reviewed in the United States on November 20, 2024","Great fit in an amazing shoe","great shoes that fit and feel comfortable.  Haven't worn them often yet but do like the looks and feel.",5,NA
"Shoes","Skechers Men's Summits High Range Hands Free Slip-in","Krisztina","Reviewed in the United States on December 3, 2024","5.0 out of 5 stars","Got these for grandpa as they're easy to step into and slip on. No bending over to get em on or off, or to tie them . Comfortable, supportive.  He's a 12.5 so I rounded up to 13 cuz they sadly don't make half sizes. Great practical gift. Esp useful for seniors who have a hard time bending over or convenient for exercising no pausing to tie laces",5,NA
"Shoes","Skechers Men's Summits High Range Hands Free Slip-in","Robert Chudek","Reviewed in the United States on November 16, 2024","","I have worn these shoes for a year and they have held up nicely. I occasionally clean them with soapy water, a brush, and towel dry them to spiff them up. I haven't tried washing them. The only negative I found is the deep grooves in the soles tend to pick  up small gravel from my (un-paved) driveway so I find little stones in my house at times.",5,NA
"Shoes","Skechers Men's Summits High Range Hands Free Slip-in","Martin J","Reviewed in Mexico on December 1, 2024","Love 'em!","Lo mejor en comodidad!!!  S√∫per ligeros y amplios! Qu√© belleza de calzado! Para aquellos que tiene el pie m√°s ancho de lo normal o con juanetes, √©stos son los indicados!",5,NA
"Shoes","Skechers Men's Summits High Range Hands Free Slip-in","pedro martinez chong","Reviewed in Mexico on November 4, 2024","4.0 out of 5 stars","",5,NA
"Shoes","Skechers Men's Summits High Range Hands Free Slip-in","MrLou","Reviewed in Canada on October 19, 2024","","perfectos e quedaron bien",5,NA
"Shoes","Skechers Men's Summits High Range Hands Free Slip-in","SHEPPY","Reviewed in Canada on September 25, 2024","Bingo","",5,NA
"Shoes","Skechers Men's Summits High Range Hands Free Slip-in","AJ","Reviewed in Canada on September 7, 2024","5.0 out of 5 stars","As promoted, these are easy to slip on. A bit more work to remove though, because your feet are snug inside them. The shoes have a great insole and very comfortable to wear. I don't have a wide foot, so I don't know how they'd fit someone who needs width. I've had the only for a week, but have worn them every day. I'll look at buying another pair when I see them on sale.",5,NA
"Shoes","Skechers Men's Summits High Range Hands Free Slip-in","Alexander Molins","Reviewed in the United States on October 29, 2024","","Wow üòÆ lightweight and comfortable üëç Walking around in them, I thought I was wearing a pair of slippers ü•ø And yes- you Slip In and Out of them effortlessly ü•∞  No bending at all ü§óThe Charcoal colour looks üëÄ like a million dollars üíµ The size 9, fit me like a glove üß§ Very happy üòÉ with this product ‚ù§Ô∏èü§óüëç",5,NA
"Shoes","Skechers Men's Summits High Range Hands Free Slip-in","Nick","Reviewed in the United States on December 4, 2024","Great value. Quality product","I take 1 half size smaller in these.",5,NA
"Shoes","Skechers Men's Summits High Range Hands Free Slip-in","HeckaNoDoy","Reviewed in the United States on December 1, 2024","5.0 out of 5 stars","I love these sneakers.  The slip on feature works very well and is very convenient, especially when going through airport security.  Well worth it!  They fit well, look good and feel comfortable.Nice!",5,NA
"Shoes","Skechers Men's Summits High Range Hands Free Slip-in","Donald Buttram","Reviewed in the United States on October 12, 2024","","These shoes are great, the fit true to size, but the best feature has to be the slip on functionality. No more crushed heels on the shoes, just slide your foot in, no hassle. So far they have been durable, the bend great, and cushion my foot. Best shoes I‚Äôve bought from Skechers yet!",4,NA
"Shoes","Skechers Men's Summits High Range Hands Free Slip-in","Stephen C","Reviewed in the United States on November 11, 2024","Great shoe","Like every pair of slip on Sketchers I have bought since they came out, I love them. They are so easy to slip on ( = convenience) and comfortable to walk/run in ( = high quality). I feel like I am walking on a cloud. I believe these are the third, possibly even fourth pair I have bought over the past past few years and I don't have any desire to stop anytime soon. I really don't even care what they look like because I am so satisfied with how comfortable they are, but I would say they are reasonably attractive. Maybe not for the youngins, but for a 40 year old fart like me, I would confidently sport these all over town with a gigantic smile on my face. However, not looking forward to the crows feet caused by all the smiling. At my age they can become quite noticeable unfortunately.",5,NA
"Shoes","Skechers Men's Summits High Range Hands Free Slip-in","Andy","Reviewed in the United States on November 20, 2024","5.0 out of 5 stars","No dislikes. Slid my feet in with ease. Great fit. Comfortable to walk around. Obviously, this model is not designed for rigorous activities, Example basketball.",5,NA
"Shoes","Skechers Men's Summits High Range Hands Free Slip-in","Krisztina","Reviewed in the United States on December 3, 2024","","The perfect work shoe. Extremely comfortable and convenient. Great value for the money.",5,NA
"Shoes","Under Armour Men's Charged Surge 4 Sneaker","Bryan","Reviewed in the United States on September 24, 2024","5.0 out of 5 stars","I recently got my hands on the Under Armour Men‚Äôs Charged Surge 4 Sneakers, and they have quickly become my go-to shoes for both running and everyday wear. These sneakers are a perfect blend of comfort, support, and style.The breathable mesh upper with synthetic overlays provides excellent structure and support, keeping my feet cool and comfortable even during long runs. The enhanced cushioning around the ankle collar is a game-changer, offering superior comfort and preventing any irritation.One of the standout features is the Deluxe Comfort System sockliner, which molds to my foot for ultimate step-in comfort. The Charged Cushioning¬Æ midsole delivers fantastic responsiveness and durability, making each step feel light and energized. Plus, the durable rubber outsole provides great traction and flexibility, ensuring a smooth and stable run.Overall, the Under Armour Charged Surge 4 Sneakers are a fantastic investment for anyone looking for reliable, comfortable, and stylish running shoes. They have exceeded my expectations in every way, and I highly recommend them to fellow runners and fitness enthusiasts!",5,NA
"Shoes","Under Armour Men's Charged Surge 4 Sneaker","Nandriti Tagore","Reviewed in the United States on October 1, 2024","","This the best sneakers that I ever find. It's soft, has jel effects under the feet. Very comfortable to wear to walk. Must buy. Love the color. It support the feet, fits well. Wear them more than 10hrs so the traction is very smooth. I believe the durability is very good.",5,NA
"Shoes","Under Armour Men's Charged Surge 4 Sneaker","Nandriti Tagore","Reviewed in the United States on November 15, 2024","My favorite shoes!","This brand has been my go to for a while now. They fit well and comfortable enough when going out on runs. Under Armour puts out quality shoes.",5,NA
"Shoes","Under Armour Men's Charged Surge 4 Sneaker","Renee GS","Reviewed in the United States on November 29, 2024","5.0 out of 5 stars","Comfortable and a good price. They run on the smaller side so if you have a range of shoe sizes that fit you, order these on the larger end. I wear 10.5. To 11.5 depending on brand and I ordered all 3 sizes. The 11.5 were perfect so the others got returned",4,NA
"Shoes","Under Armour Men's Charged Surge 4 Sneaker","John Lohmeyer","Reviewed in the United States on November 6, 2024","","Love these. They‚Äôre sleek looking, comfort is great. Size is accurate. Never had a problem with UA sneakers. Only sneakers I buy.",5,NA
"Shoes","Under Armour Men's Charged Surge 4 Sneaker","The Amado's","Reviewed in the United States on September 16, 2024","Walking on could 9","These were the first Extra wide shoe I have ever bought. I am a size 14 and it can be difficult to find durable comfortable shoes in my size. And it is harder to find a good pair online. I took a chance on these and I am blown away with how they feel and look. I am 400lbs and need to start walking. And when I was able to try them on I was very surprised. I haven't needed to buy insole supports yet and they feel amazing. Its no surprise why they were sold out of so many colors. But the blue still looks great. I am definitely buying a second pair for the gym. I can only hope they last me a while. They arent super expensive but I do not want to pay 50 bucks for shoes every other month.",5,NA
"Shoes","Under Armour Men's Charged Surge 4 Sneaker","The Amado's","Reviewed in the United States on November 22, 2024","4.0 out of 5 stars","These are great shoes. I wear them for workouts, running, and everyday activities. They seem to hold up very well.",5,NA
"Shoes","Under Armour Men's Charged Surge 4 Sneaker","Jorge Andrade Jr.","Reviewed in the United States on September 8, 2024","","Quite stylish, very light and comfortable and an overall nice pair of sneakers. I would have liked to be able to remove the insoles and use my own but no can do.Let's give it a few times round the block and we'll talk about durability and support!UPDATE: They're still comfortable but a little less so. They're also a bit bulky and deep (they rub the base of my ankles), in my opinion.Still, they're a nice pair of sneakers.",5,NA
"Shoes","Under Armour Men's Charged Surge 4 Sneaker","Joey","Reviewed in Mexico on November 17, 2024","comfortable","Pens√© que iban. Allegar sucios o algo as√≠ por el transporte pero llegan al 100",5,NA
"Shoes","Under Armour Men's Charged Surge 4 Sneaker","ESTRIANA","Reviewed in Mexico on November 15, 2024","5.0 out of 5 stars","",4,NA
"Shoes","Under Armour Men's Charged Surge 4 Sneaker","Jes√∫s J.","Reviewed in Mexico on November 14, 2024","","Muy buenos tenis",5,NA
"Shoes","Under Armour Men's Charged Surge 4 Sneaker","Buena calidad en el audio de llamadas, est√° muy bien.","Reviewed in Mexico on October 1, 2024","Very comfortable","",4,NA
"Shoes","Under Armour Men's Charged Surge 4 Sneaker","Rogelio","Reviewed in Mexico on September 30, 2024","5.0 out of 5 stars","Est√°n muy c√≥modos, y a buen precioMe encantaron",5,NA
"Shoes","Under Armour Men's Charged Surge 4 Sneaker","Luis gerardo Arroyo ramirez","Reviewed in the United States on September 24, 2024","","",5,NA
"Shoes","Under Armour Men's Charged Surge 4 Sneaker","Cliente de Kindle","Reviewed in the United States on October 1, 2024","Great","Fueron un regalo, de muy buena calidad y cumplieron todas las expectativas.",5,NA
"Shoes","Under Armour Men's Charged Surge 4 Sneaker","Bryan","Reviewed in the United States on November 15, 2024","5.0 out of 5 stars","",5,NA
"Shoes","Under Armour Men's Charged Surge 4 Sneaker","Nandriti Tagore","Reviewed in the United States on November 29, 2024","","Me encantaron, no pesan y mis pies est√°n c√≥modos durante mi rutina de ejercicio.",5,NA
"Shoes","Under Armour Men's Charged Surge 4 Sneaker","Nandriti Tagore","Reviewed in the United States on November 6, 2024","Very Comfortable","",5,NA
"Shoes","Under Armour Men's Charged Surge 4 Sneaker","Renee GS","Reviewed in the United States on September 16, 2024","5.0 out of 5 stars","I recently got my hands on the Under Armour Men‚Äôs Charged Surge 4 Sneakers, and they have quickly become my go-to shoes for both running and everyday wear. These sneakers are a perfect blend of comfort, support, and style.The breathable mesh upper with synthetic overlays provides excellent structure and support, keeping my feet cool and comfortable even during long runs. The enhanced cushioning around the ankle collar is a game-changer, offering superior comfort and preventing any irritation.One of the standout features is the Deluxe Comfort System sockliner, which molds to my foot for ultimate step-in comfort. The Charged Cushioning¬Æ midsole delivers fantastic responsiveness and durability, making each step feel light and energized. Plus, the durable rubber outsole provides great traction and flexibility, ensuring a smooth and stable run.Overall, the Under Armour Charged Surge 4 Sneakers are a fantastic investment for anyone looking for reliable, comfortable, and stylish running shoes. They have exceeded my expectations in every way, and I highly recommend them to fellow runners and fitness enthusiasts!",4,NA
"Shoes","Under Armour Men's Charged Surge 4 Sneaker","John Lohmeyer","Reviewed in the United States on November 22, 2024","","This the best sneakers that I ever find. It's soft, has jel effects under the feet. Very comfortable to wear to walk. Must buy. Love the color. It support the feet, fits well. Wear them more than 10hrs so the traction is very smooth. I believe the durability is very good.",5,NA
"Shoes","Under Armour Men's Charged Assert 10","JPerrine","Reviewed in the United States on December 1, 2024","5.0 out of 5 stars","High quality, reasonable price. Fit as they should. Well  padded and needed no break in. Comfort and style.",5,NA
"Shoes","Under Armour Men's Charged Assert 10","Garik Mkrtichian","Reviewed in the United States on November 20, 2024","","I purchased UA Charged Assert 9 tripple black version a few years ago. still have them. very comfortable and enduring shoes. Based on that experience i went for this new ones,  UA Charged Assert 10, and as always, it's pretty amazing pair of running shoes, and of course you can wear them for every day walk. Excellent comfort. always right size. fits pefectly. I will buy the next model too, whenever they release it. the Assert 11 üòäThank you Under Armour üëçüèª",5,NA
"Shoes","Under Armour Men's Charged Assert 10","Liz C","Reviewed in the United States on December 3, 2024","Basic quality running shoes.","These are soooo comfortable, true to size, lightweight, and are great for working out. And my back pain is gone!!!",5,NA
"Shoes","Under Armour Men's Charged Assert 10","dk","Reviewed in the United States on November 19, 2024","5.0 out of 5 stars","These x-wides are truly wide for those of us who struggle to find them. Very comfortable step. -1 because the heal doesn‚Äôt fit perfectly, a little high on my ankle, but I‚Äôd still buy them again.",4,NA
"Shoes","Under Armour Men's Charged Assert 10","Angelo","Reviewed in the United States on November 20, 2024","","",5,NA
"Shoes","Under Armour Men's Charged Assert 10","Angelo","Reviewed in the United States on November 17, 2024","Just excellent quality/price","The media could not be loaded.",5,NA
"Shoes","Under Armour Men's Charged Assert 10","Sam","Reviewed in the United States on November 3, 2024","5.0 out of 5 stars","If your looking for comfort, affordable and durability not to mention stylish then this is the shoe for you. This is my 2nd pair, I also bought charge 9 which is the all black shoe that's all beat up from the picture. That is also very good but it started to get holes on the front and side. I bought patches for it but since it's my daily shoe, it's wearing out and time to get a new one. So get it now! Trust me you won't be disappointed",5,NA
"Shoes","Under Armour Men's Charged Assert 10","The Amado's","Reviewed in the United States on November 10, 2024","","I love under armour shoes and those are really good. They are very comfortable, the color is exactly as showed and the size is the correct. They are light and looks resistant. I'm really happy with them!",5,NA
"Shoes","Under Armour Men's Charged Assert 10","The Amado's","Reviewed in Mexico on December 4, 2024","No more back pain!","LOVE these!I just have 2 complaints. 1. The color is off, the picture shows black, but when I received them they're grey. And 2. These sneakers were a return, they did not come in a box, just a plastic bag. Which is fine, but the bottom of the shoes were definitely worn inside. No attempt to clean them off and rid of the dirt.Otherwise these sneakers are super comfortable! I love them. I will always buy UA sneakers, they are the best quality sneakers I have ever found.",5,NA
"Shoes","Under Armour Men's Charged Assert 10","AM","Reviewed in Mexico on December 3, 2024","4.0 out of 5 stars","Decent pair of sneakers. Nice color and very comfortable. My brother loves it. Sizes are accurate.",5,NA
"Shoes","Under Armour Men's Charged Assert 10","AM","Reviewed in Mexico on November 27, 2024","","Son de muy buena calidad, sin embargo vienen reducidos en la talla que indican, al menos medio n√∫mero. As√≠ que t√≥menlo en cuenta por si van a pedir que sea media talla",5,NA
"Shoes","Under Armour Men's Charged Assert 10","Pedro Montes Cruz","Reviewed in Canada on November 16, 2024","Good for x-wide","",3,NA
"Shoes","Under Armour Men's Charged Assert 10","MARIO A.","Reviewed in Mexico on November 11, 2024","5.0 out of 5 stars","buen producto, un poco de peso mas al acostumbrado para trotar o correr",5,NA
"Shoes","Under Armour Men's Charged Assert 10","Diana Santana","Reviewed in the United States on December 1, 2024","","",5,NA
"Shoes","Under Armour Men's Charged Assert 10","Jeremy","Reviewed in the United States on November 20, 2024","My 2nd pair of charge 10","Lo m√°s relevante es la comodidad, los pudiera comparar con los adidas falcon que tambi√©n encontr√© muy muy c√≥modos, son muy ligeros, buena calidad y f√°cil de limpiar, los volver√≠a a comprar definitivamente.",5,NA
"Shoes","Under Armour Men's Charged Assert 10","My mal, la talla no es la deseada pedi la XL y a un asi esta muy peque√±a normalmente soy M o L, ya no vuelvo a comprar estos productos chinos","Reviewed in the United States on December 3, 2024","5.0 out of 5 stars","",5,NA
"Shoes","Under Armour Men's Charged Assert 10","JPerrine","Reviewed in the United States on November 19, 2024","","It's an excellent product..worth buyingI bought it for my man...and it really comforts his feet. It's lightweight, good quality, perfect fit.",5,NA
"Shoes","Under Armour Men's Charged Assert 10","Garik Mkrtichian","Reviewed in the United States on November 20, 2024","Very comfortable","Huele muy bien",5,NA
"Shoes","Under Armour Men's Charged Assert 10","Liz C","Reviewed in the United States on November 17, 2024","5.0 out of 5 stars","",5,NA
"Shoes","Under Armour Men's Charged Assert 10","dk","Reviewed in the United States on November 3, 2024","","High quality, reasonable price. Fit as they should. Well  padded and needed no break in. Comfort and style.",4,NA
"Shoes","Bruno Marc Men's KnitFlex Breeze Mesh Sneakers Oxfords Lace-Up Lightweight Casual Walking Shoes","LGC","Reviewed in the United States on August 14, 2024","5.0 out of 5 stars","Rather than my husband always wearing sneakers with chinos or jeans I came across these Bruno Marc‚Äôs.The appearance, reviews and number of buyers is what persuaded me to buy the them over the other brands.He tried them on today but hasn‚Äôt worn them so this review is a first impression. I may come back in late September to let you know if there were any negatives about the wear.The shoe out of the box is impressive. Lightweight casual dress. The material of the upper shoe has some type of elastacine (sp) that gives it some stretch/give when you walk. They are breathable which is important to him.I‚Äôm not sure if they will stretch overtime but if they do, a tightening of the shoe strings should provide more support.The inner soul is removable for anyone who wears orthotics. My husband does, but after trying them on with and without, he said the foot bed is comfortable enough he may not need the orthopedics for times that he won‚Äôt be doing much walking.The shoe laces are a tightly woven fabric over elastic and they hold firmly when tied. The shoe soul is rubberized material, is lightweight and provides for a comfortable sneaker like feel.He buys sizes 8 but his true size is 7.5. He said his toes still have about 1/2‚Äù to the end of the shoe and the toe box is very roomy. He likes that because some shoes squeeze his forefoot. No pain in these.We purchased the navy and the color is beautiful.I tried them on and I would be very comfortable wearing them.At this point, we have to give them a 5 star rating. Even though we can‚Äôt speak to the performance at this time, we believe they are a good value for the price and construction . This is a good looking shoe.",5,NA
"Shoes","Bruno Marc Men's KnitFlex Breeze Mesh Sneakers Oxfords Lace-Up Lightweight Casual Walking Shoes","HB","Reviewed in the United States on December 1, 2024","","These sneakers are great. I bought them for a trade show and put 40k steps on them over three days, right out of the box. They are light, breathe well, and comfortable. Fit true to size and look great. For the price, you can‚Äôt beat them.",5,NA
"Shoes","Bruno Marc Men's KnitFlex Breeze Mesh Sneakers Oxfords Lace-Up Lightweight Casual Walking Shoes","Amazon Customer","Reviewed in the United States on September 22, 2024","Lightweight Casual Dress Shoes","I have yet to wear these out, but from initial trials they seem comfortable and have plenty of toe room, and even though not a ""wide"" size, they accommodate my orthotic and don't bind in areas where I'm developing age-related foot issues.  They are more stylish than a normal athletic shoe while having the comfort of one. A couple drawbacks I'll learn to live with: This style, in a longer size, really exaggerates how long they look on the foot. It would help if they had some vertical details/stitching along the upper part to break that long plane from laces to toe. I am a woman who must often go to men's shoes to get the length I need, and while many styles are interchangeable with a woman's version; this one, because of that long stretch of uninterrupted fabric does make me self-conscious about how big my foot looks. The other issue for me is the bright white sole. It is difficult to find a comfortable shoe with a coordinating sole color. The white looks OK on this and keeps them from becoming too oxford-like, but I fear the white will soon be stained by the elements. I bought these to look a little more dressy with dress slacks, and since I can no longer wear leather uppers, these will be fine, and the length should seem less dramatic once there's a pant's cuff. breaking up the total length.  I purchased these for the reasonable price on a shoe I won't wear often. I think they will prove to be exactly what I need: a more dressy looking shoe with the comfort of a sneaker.",4,NA
"Shoes","Bruno Marc Men's KnitFlex Breeze Mesh Sneakers Oxfords Lace-Up Lightweight Casual Walking Shoes","Richard W. Vetterli","Reviewed in the United States on September 9, 2024","5.0 out of 5 stars","These have to be about the most comfortable shoes I have ever owned.  Just returned from a two-week Europe trip with LOTS of walking.  These shoes are light and airy.  Great support and looked great for the entire trip. I have very wide feet and these fit great. One disclaimer however, I did replace the stock insoles with some Dr. Scholls walking insoles.  The original insoles were great, but I wanted to add just a little more support before testing them out for two-weeks in Europe.  I also brought a pair of NB walking shoes on the trip but never wore them as these were so much lighter and more comfortable.  When I got home, I immediately ordered another pair in a different color.  Five stars",5,NA
"Shoes","Bruno Marc Men's KnitFlex Breeze Mesh Sneakers Oxfords Lace-Up Lightweight Casual Walking Shoes","Angela Sullivan","Reviewed in the United States on October 27, 2024","","These shoes were my companions on a two-week Spanish holiday through all the major cities and sites. They handled incredibly well on wet cobblestone surfaces and long days of walking and hiking . Super comfortable, well built, lightweight, and kept my feet airy and dry.  I spot cleaned the shoes with a sponge every night and they came out like new.  An incredible value!",5,NA
"Shoes","Bruno Marc Men's KnitFlex Breeze Mesh Sneakers Oxfords Lace-Up Lightweight Casual Walking Shoes","Angela Sullivan","Reviewed in the United States on November 18, 2024","Very comfortable, great value","Holding up after a couple days at least. Comfortable and lightweight. They look nice enough to garner compliments. Will update if they fall apart within a couple of months.",5,NA
"Shoes","Bruno Marc Men's KnitFlex Breeze Mesh Sneakers Oxfords Lace-Up Lightweight Casual Walking Shoes","Ben","Reviewed in the United States on December 5, 2024","4.0 out of 5 stars","Ideal for informal work. Great quality.",5,NA
"Shoes","Bruno Marc Men's KnitFlex Breeze Mesh Sneakers Oxfords Lace-Up Lightweight Casual Walking Shoes","Paz","Reviewed in the United States on December 4, 2024","","I like these shoes; they are stylish and somewhat comfortable. I can wear them daily to work. Obviously, they are not for workout or jogging - they quickly get uncomfortable. Quality of the shoes is good too. I haven't noticed any issue so far, since the purchase about 4 months ago.",5,NA
"Shoes","Bruno Marc Men's KnitFlex Breeze Mesh Sneakers Oxfords Lace-Up Lightweight Casual Walking Shoes","Dr Rajani Rupesh Kakade","Reviewed in Canada on November 4, 2024","Exceptionally soft fabric that doesn't bind","Looks good, easy to slip on, comfortable, great price.",5,NA
"Shoes","Bruno Marc Men's KnitFlex Breeze Mesh Sneakers Oxfords Lace-Up Lightweight Casual Walking Shoes","Amazon Customer","Reviewed in Mexico on October 3, 2024","5.0 out of 5 stars","Fue un regalo de aniversario para mi esposo le gustaron mucho dice que son c√≥modos al pisar amortiguan el peso, le gust√≥ tambi√©n que vienen bien armados cocidos sin detalles que los haga ver feos, muy est√©ticos, a m√≠ me gust√≥ mucho el color, y la textura, los ped√≠ gris ü©∂ me encanta un 10 de 10",5,NA
"Shoes","Bruno Marc Men's KnitFlex Breeze Mesh Sneakers Oxfords Lace-Up Lightweight Casual Walking Shoes","Laboss","Reviewed in France on November 12, 2024","","",5,NA
"Shoes","Bruno Marc Men's KnitFlex Breeze Mesh Sneakers Oxfords Lace-Up Lightweight Casual Walking Shoes","Daniel","Reviewed in Spain on October 27, 2024","Great shoes for our Europe trip, so comfortable","Tr√®s confortable avec la semelle √† m√©moire de forme",5,NA
"Shoes","Bruno Marc Men's KnitFlex Breeze Mesh Sneakers Oxfords Lace-Up Lightweight Casual Walking Shoes","Daniel","Reviewed in the United Kingdom on September 25, 2024","5.0 out of 5 stars","",5,NA
"Shoes","Bruno Marc Men's KnitFlex Breeze Mesh Sneakers Oxfords Lace-Up Lightweight Casual Walking Shoes","Jack","Reviewed in the United States on August 14, 2024","","Confort√°veis",5,NA
"Shoes","Bruno Marc Men's KnitFlex Breeze Mesh Sneakers Oxfords Lace-Up Lightweight Casual Walking Shoes","Jack","Reviewed in the United States on December 1, 2024","Awesome, lightweight, inexpensive, shoes that travel well","",5,NA
"Shoes","Bruno Marc Men's KnitFlex Breeze Mesh Sneakers Oxfords Lace-Up Lightweight Casual Walking Shoes","LGC","Reviewed in the United States on September 22, 2024","5.0 out of 5 stars","These shoes are fantastic, great price, super comfortable and look really good You can slip them on and give a very good business casual look, give you a bit of a hight too. 100% satisfied",5,NA
"Shoes","Bruno Marc Men's KnitFlex Breeze Mesh Sneakers Oxfords Lace-Up Lightweight Casual Walking Shoes","HB","Reviewed in the United States on September 9, 2024","","Rather than my husband always wearing sneakers with chinos or jeans I came across these Bruno Marc‚Äôs.The appearance, reviews and number of buyers is what persuaded me to buy the them over the other brands.He tried them on today but hasn‚Äôt worn them so this review is a first impression. I may come back in late September to let you know if there were any negatives about the wear.The shoe out of the box is impressive. Lightweight casual dress. The material of the upper shoe has some type of elastacine (sp) that gives it some stretch/give when you walk. They are breathable which is important to him.I‚Äôm not sure if they will stretch overtime but if they do, a tightening of the shoe strings should provide more support.The inner soul is removable for anyone who wears orthotics. My husband does, but after trying them on with and without, he said the foot bed is comfortable enough he may not need the orthopedics for times that he won‚Äôt be doing much walking.The shoe laces are a tightly woven fabric over elastic and they hold firmly when tied. The shoe soul is rubberized material, is lightweight and provides for a comfortable sneaker like feel.He buys sizes 8 but his true size is 7.5. He said his toes still have about 1/2‚Äù to the end of the shoe and the toe box is very roomy. He likes that because some shoes squeeze his forefoot. No pain in these.We purchased the navy and the color is beautiful.I tried them on and I would be very comfortable wearing them.At this point, we have to give them a 5 star rating. Even though we can‚Äôt speak to the performance at this time, we believe they are a good value for the price and construction . This is a good looking shoe.",5,NA
"Shoes","Bruno Marc Men's KnitFlex Breeze Mesh Sneakers Oxfords Lace-Up Lightweight Casual Walking Shoes","Amazon Customer","Reviewed in the United States on October 27, 2024","Fit great, look nice","These sneakers are great. I bought them for a trade show and put 40k steps on them over three days, right out of the box. They are light, breathe well, and comfortable. Fit true to size and look great. For the price, you can‚Äôt beat them.",4,NA
"Shoes","Bruno Marc Men's KnitFlex Breeze Mesh Sneakers Oxfords Lace-Up Lightweight Casual Walking Shoes","Richard W. Vetterli","Reviewed in the United States on November 18, 2024","5.0 out of 5 stars","I have yet to wear these out, but from initial trials they seem comfortable and have plenty of toe room, and even though not a ""wide"" size, they accommodate my orthotic and don't bind in areas where I'm developing age-related foot issues.  They are more stylish than a normal athletic shoe while having the comfort of one. A couple drawbacks I'll learn to live with: This style, in a longer size, really exaggerates how long they look on the foot. It would help if they had some vertical details/stitching along the upper part to break that long plane from laces to toe. I am a woman who must often go to men's shoes to get the length I need, and while many styles are interchangeable with a woman's version; this one, because of that long stretch of uninterrupted fabric does make me self-conscious about how big my foot looks. The other issue for me is the bright white sole. It is difficult to find a comfortable shoe with a coordinating sole color. The white looks OK on this and keeps them from becoming too oxford-like, but I fear the white will soon be stained by the elements. I bought these to look a little more dressy with dress slacks, and since I can no longer wear leather uppers, these will be fine, and the length should seem less dramatic once there's a pant's cuff. breaking up the total length.  I purchased these for the reasonable price on a shoe I won't wear often. I think they will prove to be exactly what I need: a more dressy looking shoe with the comfort of a sneaker.",5,NA
"Shoes","Bruno Marc Men's KnitFlex Breeze Mesh Sneakers Oxfords Lace-Up Lightweight Casual Walking Shoes","Angela Sullivan","Reviewed in the United States on December 5, 2024","","These have to be about the most comfortable shoes I have ever owned.  Just returned from a two-week Europe trip with LOTS of walking.  These shoes are light and airy.  Great support and looked great for the entire trip. I have very wide feet and these fit great. One disclaimer however, I did replace the stock insoles with some Dr. Scholls walking insoles.  The original insoles were great, but I wanted to add just a little more support before testing them out for two-weeks in Europe.  I also brought a pair of NB walking shoes on the trip but never wore them as these were so much lighter and more comfortable.  When I got home, I immediately ordered another pair in a different color.  Five stars",5,NA
"Shoes","adidas Women's Vl Court 3.0","Kelly","Reviewed in the United States on November 30, 2024","5.0 out of 5 stars","My kid was begging for these shoes and I finally gave in, they are super cheap for what they are and I honesty want them for myself. The quality is great, she wears them in PE and outside playing, true to size and the style is great for any outfit. The color doesn‚Äôt ware or tare and they aren‚Äôt very heavy while walking. Great purchase!",5,NA
"Shoes","adidas Women's Vl Court 3.0","Amazon Customer","Reviewed in the United States on November 1, 2024","","These sneakers are super comfortable and look good with jeans, leggings or even a casual dress.  They do run about a half size big.  I am usually a size 8 but went with a 7 1/2 after reading reviews and so glad I did.  Still roomy and comfortable.",5,NA
"Shoes","adidas Women's Vl Court 3.0","Julie Huff","Reviewed in the United States on November 16, 2024","Cute and comfy shoes","I absolutely love these shoes. Very high-quality perfect value for the moneyThe comfort is perfect and they are true to size. I always worry about flat shoes since I have a high arch, but my feet are so comfortable with or without socks.They are so trendy I‚Äôm gonna buy more colors!",5,NA
"Shoes","adidas Women's Vl Court 3.0","Kerry S","Reviewed in the United States on November 18, 2024","5.0 out of 5 stars","I love these - they‚Äôre stylish and comfortable and make me feel like I‚Äôm not 100 years old but also not trying to be 20. I wish the shoestrings weren‚Äôt quite so long - I have to double knot them and they‚Äôre still pretty long even with the knot.",4,NA
"Shoes","adidas Women's Vl Court 3.0","DannyMom","Reviewed in the United States on October 28, 2024","","This shoe is very cute and confortable. It does make your feet feel a bit wider, but I have no problem with it that. It‚Äôs also on the heavy side, and it doesn‚Äôt have the most flexible sole, so I don‚Äôt recommend it for very long walks. It does look very nice with shorts, dresses or pants, and it‚Äôs built well. Fair value for a great quality shoe!Quick shipping also tops it up! Buy it!",5,NA
"Shoes","adidas Women's Vl Court 3.0","Tonia Hollis","Reviewed in the United States on November 25, 2024","A great casual shoe","The shoes look great, comfy just runs big. I‚Äôm a 7.5/8. Normally I‚Äôll purchase 8s for close toe shoes after reading the reviews I did a 7.5 I still have room in the toe area and it spills up just a little. Maybe they‚Äôll fit better with socks",5,NA
"Shoes","adidas Women's Vl Court 3.0","Melissa McCrosky","Reviewed in the United States on November 28, 2024","5.0 out of 5 stars","These shoes are so cute and versatile! I want to love them! BUT right out of the box I am not finding them to be comfortable at all. In face they‚Äôre a bit painful. The top doesn‚Äôt flex when walking so it feels like it‚Äôs trying to remove my big toe at about the halfway point.  I suffered through day 1 hoping that I was breaking them in. They‚Äôre too cute to give up on yet‚Ä¶ I‚Äôll keep you posted.",3,NA
"Shoes","adidas Women's Vl Court 3.0","Rdezi","Reviewed in the United States on November 28, 2024","","I got these to replace a different brand that I had worn out.  I wear them to work and they feel great on my feet.  The heel has great cushioning and I love that around the bottom isn‚Äôt white.  I ordered my normal size and they fit perfect.",5,NA
"Shoes","adidas Women's Vl Court 3.0","Amazon Customer","Reviewed in Canada on December 3, 2024","Awesome shoes!","Comfy and classy",5,NA
"Shoes","adidas Women's Vl Court 3.0","Marilynn","Reviewed in Canada on November 14, 2024","4.0 out of 5 stars","Love the fit and color. Great price!",5,NA
"Shoes","adidas Women's Vl Court 3.0","Amazon Customer","Reviewed in Canada on November 11, 2024","","Fit perfect for size. Fun to wear. Classic style.",5,NA
"Shoes","adidas Women's Vl Court 3.0","Donna Gail Finch","Reviewed in Canada on November 5, 2024","Fun sneakers","Well made good fit comfortable Was well worth the long wait to arrive It‚Äôs my go to walking shoe",5,NA
"Shoes","adidas Women's Vl Court 3.0","Michelle","Reviewed in Canada on October 28, 2024","5.0 out of 5 stars","These shoes are comfortable, cute, and a perfect alternative to other expensive shoes on the market (sambas). Love them",5,NA
"Shoes","adidas Women's Vl Court 3.0","Kelly","Reviewed in the United States on November 30, 2024","","My kid was begging for these shoes and I finally gave in, they are super cheap for what they are and I honesty want them for myself. The quality is great, she wears them in PE and outside playing, true to size and the style is great for any outfit. The color doesn‚Äôt ware or tare and they aren‚Äôt very heavy while walking. Great purchase!",5,NA
"Shoes","adidas Women's Vl Court 3.0","Amazon Customer","Reviewed in the United States on November 1, 2024","Double C kind of item - Cute and Confy!","These sneakers are super comfortable and look good with jeans, leggings or even a casual dress.  They do run about a half size big.  I am usually a size 8 but went with a 7 1/2 after reading reviews and so glad I did.  Still roomy and comfortable.",5,NA
"Shoes","adidas Women's Vl Court 3.0","Julie Huff","Reviewed in the United States on November 16, 2024","5.0 out of 5 stars","I absolutely love these shoes. Very high-quality perfect value for the moneyThe comfort is perfect and they are true to size. I always worry about flat shoes since I have a high arch, but my feet are so comfortable with or without socks.They are so trendy I‚Äôm gonna buy more colors!",5,NA
"Shoes","adidas Women's Vl Court 3.0","Kerry S","Reviewed in the United States on November 18, 2024","","I love these - they‚Äôre stylish and comfortable and make me feel like I‚Äôm not 100 years old but also not trying to be 20. I wish the shoestrings weren‚Äôt quite so long - I have to double knot them and they‚Äôre still pretty long even with the knot.",4,NA
"Shoes","adidas Women's Vl Court 3.0","DannyMom","Reviewed in the United States on October 28, 2024","Runs big","This shoe is very cute and confortable. It does make your feet feel a bit wider, but I have no problem with it that. It‚Äôs also on the heavy side, and it doesn‚Äôt have the most flexible sole, so I don‚Äôt recommend it for very long walks. It does look very nice with shorts, dresses or pants, and it‚Äôs built well. Fair value for a great quality shoe!Quick shipping also tops it up! Buy it!",5,NA
"Shoes","adidas Women's Vl Court 3.0","Tonia Hollis","Reviewed in the United States on November 25, 2024","3.0 out of 5 stars","The shoes look great, comfy just runs big. I‚Äôm a 7.5/8. Normally I‚Äôll purchase 8s for close toe shoes after reading the reviews I did a 7.5 I still have room in the toe area and it spills up just a little. Maybe they‚Äôll fit better with socks",5,NA
"Shoes","adidas Women's Vl Court 3.0","Melissa McCrosky","Reviewed in the United States on November 28, 2024","","These shoes are so cute and versatile! I want to love them! BUT right out of the box I am not finding them to be comfortable at all. In face they‚Äôre a bit painful. The top doesn‚Äôt flex when walking so it feels like it‚Äôs trying to remove my big toe at about the halfway point.  I suffered through day 1 hoping that I was breaking them in. They‚Äôre too cute to give up on yet‚Ä¶ I‚Äôll keep you posted.",3,NA
"Shoes","adidas Men's Daily 4.0 Shoes","xavier","Reviewed in the United States on December 4, 2024","5.0 out of 5 stars","I feel extremely fortunate to have acquired these incredible Adidas Daily 4.0 shoes. From the moment I opened them, I could notice the quality and attention to detail with which they were designed.The first impression was one of positive surprise: the design is contemporary, elegant, and modern. The available colors are wide-ranging and adaptable to any personal style. The material is soft to the touch but resistant and durable.One of the standout features of the Adidas Daily 4.0 is the comfort it offers. I feel comfortable walking long distances, whether in the city or engaging in physical activities. The shoe design fits my foot perfectly, avoiding blisters and discomforts. The sole of the Adidas is resistant and provides excellent traction on wet or slippery surfaces. This allows me to walk with confidence even in adverse weather conditions. The best part is that these shoes are highly versatile and can be used for any occasion: from strolling through the city to engaging in physical activities like running or practicing sports. In summary, I am extremely satisfied with the Adidas Daily 4.0 and I recommend it to anyone looking for a high-quality product with comfort. Don't hesitate to acquire this excellent pair of shoes!",5,NA
"Shoes","adidas Men's Daily 4.0 Shoes","xavier","Reviewed in the United States on October 21, 2024","","Comfortable and fit very well. Look really good, Great shoes",5,NA
"Shoes","adidas Men's Daily 4.0 Shoes","JeffreyCLeonard","Reviewed in the United States on November 4, 2024","Excelente calidad","Awesome shoes . amazing color. value for money is a no brainer . size was perfect",5,NA
"Shoes","adidas Men's Daily 4.0 Shoes","Leon Stoltz","Reviewed in the United States on December 3, 2024","5.0 out of 5 stars","They look nice and are comfy. Classic look and they seem durable.",5,NA
"Shoes","adidas Men's Daily 4.0 Shoes","Eu","Reviewed in the United States on November 25, 2024","","These are great but run a little small. They hold up great and look nice with dress pants!",4,NA
"Shoes","adidas Men's Daily 4.0 Shoes","Stacey B.","Reviewed in the United States on November 26, 2024","Love these!","This shoe is comfortable and fits perfectly, it‚Äôs easy to clean and also value for money.",5,NA
"Shoes","adidas Men's Daily 4.0 Shoes","Yash","Reviewed in the United States on October 12, 2024","5.0 out of 5 stars","Almost everything about it I like. The most I like is it's not heavy on the feet and it givses a very confident feeling at your feet when you have it on. The wuality is excellent and you hardly can step on everything due to the quality of the sole. The price is on the low side and supports the arch very good. I recommend that you buy it without any hesitation.",5,NA
"Shoes","adidas Men's Daily 4.0 Shoes","Robby Wielzen","Reviewed in the United States on December 1, 2024","","If you are buying Adidas then you know what to expect, these are great, fit well and comfortable.",5,NA
"Shoes","adidas Men's Daily 4.0 Shoes","John Pearce","Reviewed in Canada on October 31, 2024","Looking fresh","Toujours un super look!",5,NA
"Shoes","adidas Men's Daily 4.0 Shoes","Benoit Rocheleau","Reviewed in Mexico on October 15, 2024","4.0 out of 5 stars","",5,NA
"Shoes","adidas Men's Daily 4.0 Shoes","Oscar Cervantes","Reviewed in Canada on October 16, 2024","","Muy bonitos y c√≥modos",5,NA
"Shoes","adidas Men's Daily 4.0 Shoes","Mr Kerry Moore","Reviewed in Mexico on September 26, 2024","Nice fit","",5,NA
"Shoes","adidas Men's Daily 4.0 Shoes","reyk","Reviewed in Canada on October 9, 2024","5.0 out of 5 stars","They are perfect were on sale great quality fit like a glove.  Very pleased",5,NA
"Shoes","adidas Men's Daily 4.0 Shoes","D","Reviewed in the United States on December 4, 2024","","Est√°n geniales",4,NA
"Shoes","adidas Men's Daily 4.0 Shoes","xavier","Reviewed in the United States on October 21, 2024","Great shoes","",5,NA
"Shoes","adidas Men's Daily 4.0 Shoes","xavier","Reviewed in the United States on November 4, 2024","5.0 out of 5 stars","J'ai achet√© 3 paires de couleurs diff√©rentes de ce m√™me mod√®le.Le style et les couleurs sont superbes, je les adore!Toutefois, j'aurais esp√©r√© un meilleur confort; il pourrait √™tre mieux avec une semelle int√©rieur un peu moins raide. Ils sont tout de m√™me assez confortable pour que je les appr√©cie et les garde!",5,NA
"Shoes","adidas Men's Daily 4.0 Shoes","JeffreyCLeonard","Reviewed in the United States on December 3, 2024","","",5,NA
"Shoes","adidas Men's Daily 4.0 Shoes","Leon Stoltz","Reviewed in the United States on November 25, 2024","Good quality shoe","I feel extremely fortunate to have acquired these incredible Adidas Daily 4.0 shoes. From the moment I opened them, I could notice the quality and attention to detail with which they were designed.The first impression was one of positive surprise: the design is contemporary, elegant, and modern. The available colors are wide-ranging and adaptable to any personal style. The material is soft to the touch but resistant and durable.One of the standout features of the Adidas Daily 4.0 is the comfort it offers. I feel comfortable walking long distances, whether in the city or engaging in physical activities. The shoe design fits my foot perfectly, avoiding blisters and discomforts. The sole of the Adidas is resistant and provides excellent traction on wet or slippery surfaces. This allows me to walk with confidence even in adverse weather conditions. The best part is that these shoes are highly versatile and can be used for any occasion: from strolling through the city to engaging in physical activities like running or practicing sports. In summary, I am extremely satisfied with the Adidas Daily 4.0 and I recommend it to anyone looking for a high-quality product with comfort. Don't hesitate to acquire this excellent pair of shoes!",5,NA
"Shoes","adidas Men's Daily 4.0 Shoes","Eu","Reviewed in the United States on November 26, 2024","5.0 out of 5 stars","Comfortable and fit very well. Look really good, Great shoes",4,NA
"Shoes","adidas Men's Daily 4.0 Shoes","Stacey B.","Reviewed in the United States on October 12, 2024","","Awesome shoes . amazing color. value for money is a no brainer . size was perfect",5,NA
"Shoes","adidas Men's X_PLR Path Sneaker","Miguel Guedez","Reviewed in the United States on November 27, 2024","5.0 out of 5 stars","Last month I purchased these Adidas shoes that have completely transformed my daily strolls. These shoes epitomize comfort and style, making every step a dream.Comfort: üåüüåüüåüüåüüåü The cushioning in these shoes is unparalleled. The memory foam insoles provide excellent support, molding perfectly to the shape of my feet. I've only used it on the pavement; my feet feel like they're walking on clouds. The arch support is also fantastic, reducing any strain on my feet and lower back.Fit: üåüüåüüåüüåüüåü These shoes fit like a glove. The adjustable laces and flexible material ensure a snug yet comfortable fit without any pinching or discomfort.Durability: üåüüåüüåüüåü After four weeks of almost daily use, these shoes show no signs of wear and tear. The soles are sturdy and provide excellent grip, even on slippery surfaces. The upper material is breathable yet durable, keeping my feet cool and dry.Style: üåüüåüüåüüåüüåü Not only are these shoes incredibly comfortable, but they also look great. The sleek design and variety of color options make them versatile enough to wear with any casual outfit. I've received numerous compliments on them!Overall: üåüüåüüåüüåüüåü If you're in the market for a pair of walking shoes that combine comfort, durability, and style, look no further. These Adidas are worth every penny and have made my daily walks something I look forward to. Highly recommended!",5,NA
"Shoes","adidas Men's X_PLR Path Sneaker","emilyb","Reviewed in the United States on December 2, 2024","","Got these for my son. True to size. He really likes them and says they feel great! They look nice too. Just as the picture shows. No complaints. We‚Äôd buy these again.",5,NA
"Shoes","adidas Men's X_PLR Path Sneaker","baron44","Reviewed in the United States on September 18, 2024","The Ultimate Comfort Walking Shoes","So far, I have worn them about a half a dozen times. They seem well-made, attractive and fit very comfortably. I have small wide feet and got the size 9. The Tow box seemed perfectly wide and roomy for me. If they hold up, I‚Äôll probably order another pair. Looks like a very good value for the price.",5,NA
"Shoes","adidas Men's X_PLR Path Sneaker","DeBo Mamon","Reviewed in the United States on August 21, 2024","5.0 out of 5 stars","I like the color and there are very comfortable to my feet nice pair of shoes to have in the collection",4,NA
"Shoes","adidas Men's X_PLR Path Sneaker","Me","Reviewed in the United States on November 20, 2024","","got this for my bf and he loves it. Its true to size and the colour is as the photo",5,NA
"Shoes","adidas Men's X_PLR Path Sneaker","kenney","Reviewed in the United States on December 3, 2024","Nice!","Great fit and comfortable i use them when coaching",5,NA
"Shoes","adidas Men's X_PLR Path Sneaker","zippy","Reviewed in the United States on December 5, 2024","5.0 out of 5 stars","Men's US  10 ?More like a size 9.Comfortable but very  tight in the toe.I'm usually a 9.5, but the 10 is absolutely borderline with very thin socks.I'm not gonna bother returning ,cause it's a hassle.Please bring back quality control.I truly don't understand who's making shoes,boots and gloves . But adult sizing and kids sizing are very different. Men's sizing is more like women's sizes these days :/",3,NA
"Shoes","adidas Men's X_PLR Path Sneaker","Most compatible with my fridge, looks like the original product. Outstanding","Reviewed in the United States on November 6, 2024","","Very nice shoe, so comfortable for my husband that has bone spurs in his heel.",5,NA
"Shoes","adidas Men's X_PLR Path Sneaker","Prashant Choudhary","Reviewed in India on November 28, 2024","Quite comfortable","Little small size,but good comfort.",4,NA
"Shoes","adidas Men's X_PLR Path Sneaker","ƒ∞brahim","Reviewed in Turkey on November 14, 2024","4.0 out of 5 stars","Kalƒ±bƒ± belki biraz daha b√ºy√ºk olabilirdi. Yine de kaliteli √ºr√ºn.",5,NA
"Shoes","adidas Men's X_PLR Path Sneaker","Oskar","Reviewed in Italy on November 13, 2024","","",5,NA
"Shoes","adidas Men's X_PLR Path Sneaker","ÿ≤ŸäŸÜÿ® ÿ≥ŸÑÿßŸÖ","Reviewed in Egypt on November 13, 2024","My Adidas","Bellissime e comode",2,NA
"Shoes","adidas Men's X_PLR Path Sneaker","Ernst","Reviewed in Germany on November 12, 2024","5.0 out of 5 stars","",5,NA
"Shoes","adidas Men's X_PLR Path Sneaker","Miguel Guedez","Reviewed in the United States on November 27, 2024","","ÿßŸÑŸÑŸàŸÜ ŸÖÿÆÿ™ŸÑŸÅ ÿ™ŸÖÿßŸÖÿß ÿπŸÜ ÿßŸÑŸÖÿ∑ŸÑŸàÿ®",5,NA
"Shoes","adidas Men's X_PLR Path Sneaker","emilyb","Reviewed in the United States on December 2, 2024","Great shoe","",5,NA
"Shoes","adidas Men's X_PLR Path Sneaker","baron44","Reviewed in the United States on September 18, 2024","5.0 out of 5 stars","Ein sch√∂ner sportlicher Schuh",5,NA
"Shoes","adidas Men's X_PLR Path Sneaker","DeBo Mamon","Reviewed in the United States on August 21, 2024","","",4,NA
"Shoes","adidas Men's X_PLR Path Sneaker","Me","Reviewed in the United States on November 20, 2024","Nice","Last month I purchased these Adidas shoes that have completely transformed my daily strolls. These shoes epitomize comfort and style, making every step a dream.Comfort: üåüüåüüåüüåüüåü The cushioning in these shoes is unparalleled. The memory foam insoles provide excellent support, molding perfectly to the shape of my feet. I've only used it on the pavement; my feet feel like they're walking on clouds. The arch support is also fantastic, reducing any strain on my feet and lower back.Fit: üåüüåüüåüüåüüåü These shoes fit like a glove. The adjustable laces and flexible material ensure a snug yet comfortable fit without any pinching or discomfort.Durability: üåüüåüüåüüåü After four weeks of almost daily use, these shoes show no signs of wear and tear. The soles are sturdy and provide excellent grip, even on slippery surfaces. The upper material is breathable yet durable, keeping my feet cool and dry.Style: üåüüåüüåüüåüüåü Not only are these shoes incredibly comfortable, but they also look great. The sleek design and variety of color options make them versatile enough to wear with any casual outfit. I've received numerous compliments on them!Overall: üåüüåüüåüüåüüåü If you're in the market for a pair of walking shoes that combine comfort, durability, and style, look no further. These Adidas are worth every penny and have made my daily walks something I look forward to. Highly recommended!",5,NA
"Shoes","adidas Men's X_PLR Path Sneaker","kenney","Reviewed in the United States on December 3, 2024","3.0 out of 5 stars","Got these for my son. True to size. He really likes them and says they feel great! They look nice too. Just as the picture shows. No complaints. We‚Äôd buy these again.",5,NA
"Shoes","adidas Men's X_PLR Path Sneaker","zippy","Reviewed in the United States on December 5, 2024","","So far, I have worn them about a half a dozen times. They seem well-made, attractive and fit very comfortably. I have small wide feet and got the size 9. The Tow box seemed perfectly wide and roomy for me. If they hold up, I‚Äôll probably order another pair. Looks like a very good value for the price.",3,NA
"Shoes","adidas Men's Lite Racer Adapt 7.0 Sneaker","PeterB","Reviewed in the United States on October 12, 2024","5.0 out of 5 stars","These Adidas sneakers are very very nice. Super comfy  and they look good on. No laces to tie as they slide on. I wear a sz 14-15 so honestly sliding them on doesn't work so well with such a big foot. I use a shoe horn to help get them on to prevent the back of the sneakers from getting squished up. They provide decent support and are very lightweight. They were prime day deal priced for an exceptional value. I bought a sz 14wide(white/black color) and they fit pretty true to size. With the soft material sides and uppers I would expect a bit of stretching for an even more comfy fit. Very pleased and highly recommended.",5,NA
"Shoes","adidas Men's Lite Racer Adapt 7.0 Sneaker","Eric","Reviewed in the United States on December 2, 2024","","I'm impressed with the quality since it is a brand-name item. Usually, brand-name items are of lower quality. But this is very comfortable, soft, and durable. I used these on my last cruise. I like them to fit snugly, but I had to size up a bit. They don't slip, and I would say they do stretch after wearing them. The style is great for young people. The price is good for the amazing quality, but the look of the sneakers is just okay. I love it.",5,NA
"Shoes","adidas Men's Lite Racer Adapt 7.0 Sneaker","Griff","Reviewed in the United States on December 5, 2024","Comfy and priced right","Really do not have much to add from what others have said. I will agree with the other comments that these do tend to run narrow. So if you were debating between a standard width and a wide width, go wide. I feel the wide width shoe fits more like a standard. If you truly need a wide with shoe, you may not be pleased. This is not nearly as wide as the wide width sports shoes you may receive from New Balance or others. I likely would not purchase this again.",4,NA
"Shoes","adidas Men's Lite Racer Adapt 7.0 Sneaker","Jim","Reviewed in the United States on November 27, 2024","5.0 out of 5 stars","I've purchased a number of lightweight mesh sneakers, from budget brand Feethits to $100 Allbirds. All are light and comfortable. Nothing beats Allbirds, but these Adidas Lite Racers are almost as comfortable with plenty of arch and ankle support and a wide toe box.  They are slightly heavier, but better quality and will probably outlast the budget brands even for daily jogging.  They look a bit bulkier than in the photos and do take a little effort to slide on. My normal size 10M fit perfectly. Definitely recommend if the price is discounted.",5,NA
"Shoes","adidas Men's Lite Racer Adapt 7.0 Sneaker","Tyler Blevins","Reviewed in the United States on October 16, 2024","","These Adidas shoes are fantastic! They are incredibly comfortable with great cushioning that supports my feet during long walks and workouts. The design is sleek and stylish, making them perfect for both athletic activities and casual wear. The quality is top-notch, with durable materials that hold up well over time. Plus, they fit true to size and provide excellent breathability. I‚Äôm very impressed with these shoes and would highly recommend them to anyone looking for a reliable and stylish pair of sneakers!",5,NA
"Shoes","adidas Men's Lite Racer Adapt 7.0 Sneaker","Shawn V.","Reviewed in the United States on December 1, 2024","Love it.","These are my 2nd pair of these. My first pair lasted about 1-2yrs and are still kicking but have started to wear out. The slip on feature is so nice and comfortable! These shoes are the best. Plus, they don‚Äôt cost a ton making them a great deal for the money. I really like the all black color and the laces have just a hint of gray in them to give them a little bit of contrast. I wear 13s in Adidas and 12s in other shoes so these tend to run a little bigger than some other brands.",5,NA
"Shoes","adidas Men's Lite Racer Adapt 7.0 Sneaker","FEVER","Reviewed in the United States on December 5, 2024","4.0 out of 5 stars","Great fit and comfortable. I think it‚Äôs really good for sidewalks and around town. I‚Äôm not going to be running or hiking in them. Well done, especially for the price $39 on Black Friday.",5,NA
"Shoes","adidas Men's Lite Racer Adapt 7.0 Sneaker","Revisor","Reviewed in the United States on November 1, 2024","","So, I'm a huge fan of the adidas lite racer series, you don't have to deal with laces and yet they stay firm on the foot. I wore various generations of them for years and have something to say. 3.0 are still the best in terms of design and fit in my opinion, but they are partially discontinued since the selection is extremely limited on amazon currently, so I had no choice but to find a replacement for them. 7.0's fit is decent, very soft and comfy. One aspect these excel in over previous generations is the outer sole. Lite racer series for a long time suffered from their main flaw, which was that the outer sole erodes very fast, 7.0's actually seem decent in this regard, looks like adidas finally addressed this issue. The single biggest issue with these shoes is quality control. I had to return a couple of them before I got an acceptable pair. There is a significant inconsistency in the way the insole is attached, to the point where another pair may feel quite different when wearing them.",4,NA
"Shoes","adidas Men's Lite Racer Adapt 7.0 Sneaker","PRIME Customer","Reviewed in Canada on November 15, 2024","Stylish, comfortable, narrow.","I received my order promptly. I am normally a size nine and a half or ten so I ordered ten. They fit perfect. The day I received them I used them for my daily walk of seven kilometers (5 miles). Very comfortable walk and no blisters or sore feet. I have used them for my walks for about a week now and I have had no problems and find the shoes are very good for this purpose. I like the slip on factor. It is a bit tight to slip in but I got used to it. Well built slip in for sure. Good arch support as well.",5,NA
"Shoes","adidas Men's Lite Racer Adapt 7.0 Sneaker","Aimee L","Reviewed in Canada on November 13, 2024","5.0 out of 5 stars","My partner loves these sneakers. He has wide feet so we were concerned that he'd have trouble getting them on but was pleasantly surprised. Not much for traction,  but otherwise great!",5,NA
"Shoes","adidas Men's Lite Racer Adapt 7.0 Sneaker","Aimee L","Reviewed in Canada on October 7, 2024","","Very comfortable running shoes / gym shoes,  high quality and wont hurt the bank all that much.Go a size up at a minimum",5,NA
"Shoes","adidas Men's Lite Racer Adapt 7.0 Sneaker","Zook","Reviewed in Canada on September 9, 2024","Sturdy, comfortable, good ankle and arch support","Adidas shoes what‚Äôs not to like but the price",5,NA
"Shoes","adidas Men's Lite Racer Adapt 7.0 Sneaker","Gianfranco Rumeo","Reviewed in Canada on September 7, 2024","5.0 out of 5 stars","Good",5,NA
"Shoes","adidas Men's Lite Racer Adapt 7.0 Sneaker","The product is good but the delivery guy is the worst!!! He just threw my box near our door","Reviewed in the United States on October 12, 2024","","These Adidas sneakers are very very nice. Super comfy  and they look good on. No laces to tie as they slide on. I wear a sz 14-15 so honestly sliding them on doesn't work so well with such a big foot. I use a shoe horn to help get them on to prevent the back of the sneakers from getting squished up. They provide decent support and are very lightweight. They were prime day deal priced for an exceptional value. I bought a sz 14wide(white/black color) and they fit pretty true to size. With the soft material sides and uppers I would expect a bit of stretching for an even more comfy fit. Very pleased and highly recommended.",5,NA
"Shoes","adidas Men's Lite Racer Adapt 7.0 Sneaker","PeterB","Reviewed in the United States on December 2, 2024","Stylish and Comfortable Adidas Shoes for All-Day Wear","I'm impressed with the quality since it is a brand-name item. Usually, brand-name items are of lower quality. But this is very comfortable, soft, and durable. I used these on my last cruise. I like them to fit snugly, but I had to size up a bit. They don't slip, and I would say they do stretch after wearing them. The style is great for young people. The price is good for the amazing quality, but the look of the sneakers is just okay. I love it.",5,NA
"Shoes","adidas Men's Lite Racer Adapt 7.0 Sneaker","Eric","Reviewed in the United States on December 5, 2024","5.0 out of 5 stars","Really do not have much to add from what others have said. I will agree with the other comments that these do tend to run narrow. So if you were debating between a standard width and a wide width, go wide. I feel the wide width shoe fits more like a standard. If you truly need a wide with shoe, you may not be pleased. This is not nearly as wide as the wide width sports shoes you may receive from New Balance or others. I likely would not purchase this again.",5,NA
"Shoes","adidas Men's Lite Racer Adapt 7.0 Sneaker","Griff","Reviewed in the United States on November 27, 2024","","I've purchased a number of lightweight mesh sneakers, from budget brand Feethits to $100 Allbirds. All are light and comfortable. Nothing beats Allbirds, but these Adidas Lite Racers are almost as comfortable with plenty of arch and ankle support and a wide toe box.  They are slightly heavier, but better quality and will probably outlast the budget brands even for daily jogging.  They look a bit bulkier than in the photos and do take a little effort to slide on. My normal size 10M fit perfectly. Definitely recommend if the price is discounted.",4,NA
"Shoes","adidas Men's Lite Racer Adapt 7.0 Sneaker","Jim","Reviewed in the United States on October 16, 2024","‚≠êÔ∏è So COMFY ‚≠êÔ∏è","These Adidas shoes are fantastic! They are incredibly comfortable with great cushioning that supports my feet during long walks and workouts. The design is sleek and stylish, making them perfect for both athletic activities and casual wear. The quality is top-notch, with durable materials that hold up well over time. Plus, they fit true to size and provide excellent breathability. I‚Äôm very impressed with these shoes and would highly recommend them to anyone looking for a reliable and stylish pair of sneakers!",5,NA
"Shoes","adidas Men's Lite Racer Adapt 7.0 Sneaker","Tyler Blevins","Reviewed in the United States on December 1, 2024","5.0 out of 5 stars","These are my 2nd pair of these. My first pair lasted about 1-2yrs and are still kicking but have started to wear out. The slip on feature is so nice and comfortable! These shoes are the best. Plus, they don‚Äôt cost a ton making them a great deal for the money. I really like the all black color and the laces have just a hint of gray in them to give them a little bit of contrast. I wear 13s in Adidas and 12s in other shoes so these tend to run a little bigger than some other brands.",5,NA
"Shoes","adidas Men's Lite Racer Adapt 7.0 Sneaker","Shawn V.","Reviewed in the United States on December 5, 2024","","Great fit and comfortable. I think it‚Äôs really good for sidewalks and around town. I‚Äôm not going to be running or hiking in them. Well done, especially for the price $39 on Black Friday.",5,NA
"Shoes","Under Armour Boys' Grade School Surge 4 Running Shoe","Astha Agrawal","Reviewed in the United States on November 13, 2024","5.0 out of 5 stars","My kid really likes them. Comfortable, fit well, true to size",5,NA
"Shoes","Under Armour Boys' Grade School Surge 4 Running Shoe","Suzy","Reviewed in the United States on October 31, 2024","","Awesome shoes. Comfortable for school activities.",5,NA
"Shoes","Under Armour Boys' Grade School Surge 4 Running Shoe","Maria","Reviewed in the United States on September 16, 2024","Comfy and look good","My son has had these for a few months now and I think they're holding up well. He loves these shoes. But they still look great. They're lightweight and he uses them for taekwondo so they get a good beating. But they're slip resistance and comfortable.",5,NA
"Shoes","Under Armour Boys' Grade School Surge 4 Running Shoe","Maria","Reviewed in the United States on July 10, 2024","5.0 out of 5 stars","Great price for quality shoe. Fit as expected and very comfortable for active boy",5,NA
"Shoes","Under Armour Boys' Grade School Surge 4 Running Shoe","Kindle Customer","Reviewed in the United States on October 29, 2024","","I like the wide toe box and although I am female, I frequently buy boys shoes for this reason.  The reason I only give 4 stars is that UA shoes do not provide any arch support.  So, I would not use these for running, but they are a good everyday shoe.  I do wish the arch support was better though.",5,NA
"Shoes","Under Armour Boys' Grade School Surge 4 Running Shoe","DL","Reviewed in the United States on September 12, 2024","Nice fit","Great price for a great shoe!",4,NA
"Shoes","Under Armour Boys' Grade School Surge 4 Running Shoe","Ashley Lomax","Reviewed in the United States on September 25, 2024","5.0 out of 5 stars","Held up well. Colors didn't fade of become off-color. Fits true to size. Soles are staying intact & tread hasn't disappeared like some brands do.",5,NA
"Shoes","Under Armour Boys' Grade School Surge 4 Running Shoe","KSMan","Reviewed in the United States on April 22, 2024","","I wear a size 6.5 in women‚Äôs shoes but had trouble finding athletic shoes that I liked and fit. I decided to try these in a kids size 5. Running is my favorite exercise and these shoes have made my run even better. They have a really nice traction and grip that gives a satisfying sensation when hitting pavement. Good arch support, comfortable fit, great price and look. Worth every cent!",5,NA
"Shoes","Under Armour Boys' Grade School Surge 4 Running Shoe","Amazon Customer","Reviewed in Spain on December 2, 2024","My son loves them","√ìtimo pre√ßo! Excelente qualidade! E a encomenda chegou super r√°pido !!",5,NA
"Shoes","Under Armour Boys' Grade School Surge 4 Running Shoe","Pedro Ver√≠ssimo","Reviewed in Spain on November 30, 2024","5.0 out of 5 stars","",5,NA
"Shoes","Under Armour Boys' Grade School Surge 4 Running Shoe","Pedro Ver√≠ssimo","Reviewed in the United Kingdom on November 26, 2024","","Parecen de buena calidad pero tallan peque√±as.",5,NA
"Shoes","Under Armour Boys' Grade School Surge 4 Running Shoe","Cristina","Reviewed in Spain on November 16, 2024","Nice running shoe","",5,NA
"Shoes","Under Armour Boys' Grade School Surge 4 Running Shoe","Amjad M.","Reviewed in Spain on November 14, 2024","4.0 out of 5 stars","Good quality very comfortable",5,NA
"Shoes","Under Armour Boys' Grade School Surge 4 Running Shoe","Xisca O.","Reviewed in the United States on November 13, 2024","","Nunca hab√≠a probado est√° marca pero le doy un diez, la suela es flexible y en la zona del tal√≥n m√°s alta para los impactos, algo imprescindible para m√≠ que tengo rotura en el menisco exterior derecho",5,NA
"Shoes","Under Armour Boys' Grade School Surge 4 Running Shoe","Cliente Amazon","Reviewed in the United States on October 31, 2024","Decent Everyday Sneaker","",3,NA
"Shoes","Under Armour Boys' Grade School Surge 4 Running Shoe","Astha Agrawal","Reviewed in the United States on September 16, 2024","5.0 out of 5 stars","La suela es muy dura",5,NA
"Shoes","Under Armour Boys' Grade School Surge 4 Running Shoe","Suzy","Reviewed in the United States on July 10, 2024","","",5,NA
"Shoes","Under Armour Boys' Grade School Surge 4 Running Shoe","Maria","Reviewed in the United States on October 29, 2024","Great shoe!","My kid really likes them. Comfortable, fit well, true to size",5,NA
"Shoes","Under Armour Boys' Grade School Surge 4 Running Shoe","Maria","Reviewed in the United States on September 12, 2024","5.0 out of 5 stars","Awesome shoes. Comfortable for school activities.",5,NA
"Shoes","Under Armour Boys' Grade School Surge 4 Running Shoe","Kindle Customer","Reviewed in the United States on September 25, 2024","","My son has had these for a few months now and I think they're holding up well. He loves these shoes. But they still look great. They're lightweight and he uses them for taekwondo so they get a good beating. But they're slip resistance and comfortable.",5,NA
